keyword	title	summary	content	url	date	press
빅데이터	대전도시철도, 빅데이터 활용 ‘통행량 백서’ 발간	" 사진제공=대전도시철도공사대전도시철도공사는 지난해 도시철도 이용고객의 승하차 빅데이터를 분석한 ‘대전도시철도 통행량 백서’를 발간했다고 1일 밝혔다
역별 이용객은 KTX 이용이 많은 대전역과 도안 신도심이 위치한 유성온천역을 가장 많이 이용한 것으로 나타났고, 환승 이용객이 가장 많은 역은 세종시와 연결 관문인 반석역으로 집계됐다
백서에는 연도별 수송추이, 역별·시간대별 통행량, 환승패턴, 역별·구간별 혼잡도, 코로나19 영향 분석 등 도시철도 이용고객의 다양한 분석 데이터를 담았고 열차운행 계획 수립, 타 교통수단과의 연계, 교통약자 지원 등에 활용된다"	"이동 패턴과 환승 현황 분석, 고객 편의 증진·마케팅 전략에 활용 대전도시철도공사가 지난해 도시철도 이용고객의 승하차 빅데이터를 분석해 발간한 ‘대전도시철도 통행량 백서’
 사진제공=대전도시철도공사대전도시철도공사는 지난해 도시철도 이용고객의 승하차 빅데이터를 분석한 ‘대전도시철도 통행량 백서’를 발간했다고 1일 밝혔다
백서 발간을 위해 사용한 데이터는 최근 3년간 도시철도 1호선 22개역에서 발생한 2억4,000만건의 도시철도 승하차와 버스환승 자료를 사용했다
백서에는 연도별 수송추이, 역별·시간대별 통행량, 환승패턴, 역별·구간별 혼잡도, 코로나19 영향 분석 등 도시철도 이용고객의 다양한 분석 데이터를 담았고 열차운행 계획 수립, 타 교통수단과의 연계, 교통약자 지원 등에 활용된다
역별 이용객은 KTX 이용이 많은 대전역과 도안 신도심이 위치한 유성온천역을 가장 많이 이용한 것으로 나타났고, 환승 이용객이 가장 많은 역은 세종시와 연결 관문인 반석역으로 집계됐다
또한 열차 혼잡도가 가장 높은 구간은 퇴근시간대 탄방~용문역 구간으로 분석됐다
 요일별 이용객은 금요일이 가장 많았고 출퇴근 수요가 적은 일요일·공휴일은 평일 평균치의 절반 수준이었다
이밖에 시간대별·월별·연령대별·역별 환승 소요시간 등 도시철도를 이용한 시민들의 이동경로와 패턴을 살펴볼 수 있는 다양한 분석 자료를 백서에 실었다
 대전도시철도공사는 지난 2012년부터 통행량 백서를 꾸준히 발간해오고 있으며 이는 도시철도 운영기관중 유일하다
대전도시철도 남용우 역무자동화팀장은 “4차 산업혁명과 공공데이터의 중요성이 더욱 커짐에 따라 빅데이터 분석·활용을 위한 다양한 노력을 해오고 있다”며 “대전시 교통정책과 연구 자료로 활용될 수 있도록 관계기관과의 유기적 협력체계를 구축해 나가겠다”고 말했다
/대전=박희윤 기자 hypark@sedaily
com▶ 상위 1% 투자자 픽! ▶ 겜알못? 이제는 겜잘알! ▶ 네이버 채널에서 '서울경제' 구독해주세요!저작권자 ⓒ 서울경제, 무단 전재 및 재배포 금지	"	https://news.naver.com/main/read.nhn?mode=LSD&mid=sec&sid1=102&oid=011&aid=0003865605	2021-02-02	서울경제
빅데이터	통계청 ‘한국판 공공 빅데이터 체계’ 구축	"		통계청이 정부와 공공기관이 보유한 데이터를 한데 모아 활용할 수 있는 ‘한국판 공공 빅데이터 체계’(K통계시스템)를 구축한다
류근관 통계청장은 1일 ‘K통계시스템’ 추진 계획을 발표하고, 통계청이 보유하고 있는 데이터베이스를 연결고리 삼아 정부 각 부처와 공공기관에 흩어진 데이터를 연계한 클라우드 기반의 시스템을 구축하겠다고 밝혔다
통계청은 이렇게 쌓인 빅데이터가 공공정책의 효율성을 높이고, 디지털 플랫폼 기업과 신규 창업 기업 간 디지털 디바이드(정보화 격차)를 줄이는 데 활용될 수 있다고 밝혔다"	"		통계청이 정부와 공공기관이 보유한 데이터를 한데 모아 활용할 수 있는 ‘한국판 공공 빅데이터 체계’(K통계시스템)를 구축한다
류근관 통계청장은 1일 ‘K통계시스템’ 추진 계획을 발표하고, 통계청이 보유하고 있는 데이터베이스를 연결고리 삼아 정부 각 부처와 공공기관에 흩어진 데이터를 연계한 클라우드 기반의 시스템을 구축하겠다고 밝혔다
기관별 데이터는 암호화된 상태로 결합·활용할 수 있도록 최신 암호화(동형암호) 기술을 적용해 개인정보 유출 우려를 막는다
통계청은 이렇게 쌓인 빅데이터가 공공정책의 효율성을 높이고, 디지털 플랫폼 기업과 신규 창업 기업 간 디지털 디바이드(정보화 격차)를 줄이는 데 활용될 수 있다고 밝혔다
 지난해 12월 부임한 류 청장은 “신뢰받는 통계행정”을 강조했으며, 첫 정책 구상으로 K통계시스템을 선보였다
세종 임주형 기자 hermes@seoul
co
kr▶ 네이버에서 서울신문 구독하기 클릭! ▶ 세상에 이런 일이 ▶  클릭!ⓒ 서울신문(www
seoul
co
kr), 무단전재 및 재배포금지	"	https://news.naver.com/main/read.nhn?mode=LSD&mid=sec&sid1=100&oid=081&aid=0003160636	2021-02-02	서울신문
AI -조류	AI 전문가가 진로 교육 도와준다…교육부-인텔 MOU	"교육부는 이번 업무협약을 통해 인텔의 인공지능에 대한 풍부한 물적·인적 기반을 활용해 AI 시대에 대비한 진로개발역량을 높일 것으로 기대하고 있다
 인텔은 오는 3월부터 학교별 신청을 받아 온라인 또는 오프라인으로 AI 진로 교육 프로그램을 제공한다
 인텔은 2030년까지 30개국, 3000개 기관과 협력해 AI 교육을 확대할 계획이다"	"교육부-인텔, AI 진로교육 활성화 업무협약 교육부와 인텔코리아가 인공지능(AI) 관련 진로교육 활성화를 위해 업무협약을 체결한다
교육부는 이번 업무협약을 통해 인텔의 인공지능에 대한 풍부한 물적·인적 기반을 활용해 AI 시대에 대비한 진로개발역량을 높일 것으로 기대하고 있다
 인텔은 오는 3월부터 학교별 신청을 받아 온라인 또는 오프라인으로 AI 진로 교육 프로그램을 제공한다
 현업에 종사하는 AI 전문가가 직접 학교로 찾아가거나 인텔 사업장으로 찾아오는 학생들을 대상으로 진로체험, 진로특강·대담 기회를 제공해 AI 관련 진로와 직업에 대한 포괄적인 탐색 기회를 제공한다
 농어촌 등 AI  진로체험 기반이 부족한 지역부터 우선 지원한다
인텔은 전국 초중고등학생을 대상으로 진로교육 프로그램(AI For Youth) 등 관련 연수를 지원한다
 AI 진로교육을 위한 공간혁신모형을 구축해 온오프라인 연계 협력학교를 운영하면서 소프트웨어 분야의 진로체험을 돕고 AI 시대에 필요한 직업역량 교육을 지원한다
 인텔은 2030년까지 30개국, 3000개 기관과 협력해 AI 교육을 확대할 계획이다
유은혜 부총리 겸 교육부장관은 ""이번 업무협약을 통해 학생들의 인공지능과의 소통능력·인공지능 활용능력 함양을 위한 진로체험 기회가 크게 확대되기를 기대한다""고 말했다
권명숙 인텔코리아 대표이사는 ""교육부의 진로교육 활성화 정책을 최대한 지원해 학생들의 AI 시대 준비를 돕고, 인공지능 인재양성을 위한 기틀을 마련하여 국가경쟁력을 높이는 데 힘을 보태겠다""고 말했다
한진주 기자 truepearl@asiae
co
kr▶ 2021년 신축년(辛丑年) 신년운세와 토정비결은?▶ 발 빠른 최신 뉴스, 네이버 메인에서 바로 보기▶ 2021년부터 이렇게 달라진다! 필수 체크!<ⓒ경제를 보는 눈, 세계를 보는 창 아시아경제 무단전재 배포금지>	"	https://news.naver.com/main/read.nhn?mode=LSD&mid=sec&sid1=102&oid=277&aid=0004839395	2021-02-02	아시아경제언론사 
AI -조류	네이버, AI로 부산 지역 코로나 방역 돕는다	" 클로바 케어콜이 전화상담 모니터링 업무를 대체함에 따라, 부산에서 코로나 방역에 나서고 있는 의료진들이 보다 효율적이고 신속한 사전조치를 할 수 있을 전망이다
성남 이어 부산에 ‘클로바 케어콜’ 무상도입   네이버는 부산시 6개 보건소에 코로나19 능동감시대상자를 관리하는 인공지능(AI) 솔루션 ‘클로바 케어콜’을 무상도입하기로 했다고 1일 밝혔다
   클로바 케어콜은 부산 지역 내 코로나19 능동감시대상자들에게 매일 두 차례 자동으로 전화를 걸어, 발열·체온·기타증세 등을 확인할 예정이다"	"성남 이어 부산에 ‘클로바 케어콜’ 무상도입   네이버는 부산시 6개 보건소에 코로나19 능동감시대상자를 관리하는 인공지능(AI) 솔루션 ‘클로바 케어콜’을 무상도입하기로 했다고 1일 밝혔다
 부산시는 향후 클로바 케어콜을 부산시 ​전역으로 확대해나갈 계획이다
   클로바 케어콜은 부산 지역 내 코로나19 능동감시대상자들에게 매일 두 차례 자동으로 전화를 걸어, 발열·체온·기타증세 등을 확인할 예정이다
 클로바 케어콜이 전화상담 모니터링 업무를 대체함에 따라, 부산에서 코로나 방역에 나서고 있는 의료진들이 보다 효율적이고 신속한 사전조치를 할 수 있을 전망이다
   앞서 지난해 3월 클로바 케어콜을 도입한 성남시의 경우, 약 10개월 간 10만 건 이상의 전화상담 모니터링 업무를 진행했다
 이 과정에서 1500건 이상의 발열현상 등 유증상자를 조기 발견해 보다 빠른 사전 조치를 한 것으로 전해졌다
   부산시는 코로나19 대응에 클로바 케어콜을 활용한 데 이어 공공서비스 전반에 네이버 AI 기술을 접목, 행정효율성을 지속적으로 개선해 나갈 예정이다
    네이버 클로바 케어콜 이미지
 네이버 제공 네이버 정석근 클로바CIC 리더는 “성남시 운영 경험을 통해 클로바 케어콜 AI 음성인식 정확도가 96% 이상으로 향상됐다”며 “보다 진화한 기술을 바탕으로 스마트시티 시범도시인 부산 지역 방역에 보탬이 될 수 있도록 지속적으로 성능을 개선해나갈 것”이라고 말했다
   부산시 미래산업국 신창호 국장은 “능동감시자들의 반복적 증상 체크에 ‘코로나 19 능동감시 AI케어콜 서비스’가 도입되면 보건소 직원들이 선별진료, 역학조사 등에 집중할 수 있게 되어 좀 더 신속한 코로나 대응이 가능할 것으로 기대한다”고 강조했다
  #네이버 #코로나19 #클로바 #케어콜   elikim@fnnews
com 김미희 기자   ▶ 헉! 소리나는 스!토리 뉴스 ▶ '아는 척'하고 싶은 당신을 위한 ▶ 날로먹고 구워먹는 금융이슈   ※ 저작권자 ⓒ 파이낸셜뉴스
 무단 전재-재배포 금지	"	https://news.naver.com/main/read.nhn?mode=LSD&mid=sec&sid1=105&oid=014&aid=0004576268	2021-02-02	파이낸셜뉴스언론사 
AI -조류	CJ대한통운, “AI야, 화물선 도착시간 알려줘”	" 화물선에 실린 화물 중 긴급한 화물의 도착이 지연될 경우 이를 사전에 파악해 항공을 통해 대체 수송하는 비상 대응도 가능해진다
    안전재고 감소로 임대료, 인건비 등 보관 관련 물류비의 절감이 가능하고, 생산공장의 보다 정확한 제조일정 수립과 과잉생산 방지 효과도 기대된다
 (사진=CJ대한통운)CJ대한통운에 따르면 이 시스템은 화물선이 해외 현지 항구에 도착하는 일시를 인공지능 기술을 통해 예측한다"	"인공지능 기술로 화물선 도착시간 예측 시스템 개발코로나19로 해상물류↑…기업들 큰 호응수출·제조업체 안전재고 감소·정확한 제조일정 수립 효과CJ대한통운(000120)은 인공지능 기술을 통해 화물선의 도착 시간을 예측할 수 있는 ‘CJ대한통운 카고 트렉킹’ 시스템을 개발해 본격적인 운영에 들어갔다고 1일 밝혔다
 (사진=CJ대한통운)CJ대한통운에 따르면 이 시스템은 화물선이 해외 현지 항구에 도착하는 일시를 인공지능 기술을 통해 예측한다
 CJ대한통운은이를 위해 18개의 기계학습 기반 예측 모델을 개발했다
  이 모델들에 항해 정보, 경로, 날씨를 비롯해 화물선의 경로상 위성위치확인시스템(GPS) 정보의 유무, 화물선 이동거리 등 변수들을 적용해 분석, 도착 일시를 예측할 수 있다
 기존에는 화물선을 운영하는 선사로부터 도착일을 파악할 수는 있었지만 정확도가 40% 정도였다
 CJ대한통운 카고 트렉킹 시스템을 도입한 이후 정확도가 85%까지 두배 이상 향상됐다
 도착일과 오전,  오후 정도까지도 파악이 가능하다
 CJ대한통운은 지난해 11월부터 한달여 간 시범 테스트를 거쳐 올해부터 시스템의 본격 운영에 들어간 상태다
 CJ대한통운에게 화물을 맡긴 고객사들도 이 시스템을 통해 도착시간을 확인할 수 있다
 화물선의 도착일을 보다 정확히 알 수 있게 되면 여러 잇점들이 생긴다
 해외로 원자재를 수출하는 기업의 경우 화물선이 늦게 도착해 공장이 멈추는 사태를 방지하기 위해 여유를 둬 보유하는 이른바 안전재고를 낮출 수 있다
 CJ대한통운은 시스템 도입 효과로 안전재고를 기존 대비 30~40% 가량 낮출 수 있을 것으로 전망한다
    안전재고 감소로 임대료, 인건비 등 보관 관련 물류비의 절감이 가능하고, 생산공장의 보다 정확한 제조일정 수립과 과잉생산 방지 효과도 기대된다
 화물선에 실린 화물 중 긴급한 화물의 도착이 지연될 경우 이를 사전에 파악해 항공을 통해 대체 수송하는 비상 대응도 가능해진다
 특히 최근 코로나19 여파로 인한 해상운송의 폭증으로 화물선 수요가 급증하는 가운데 도착시간 예측 시스템이 고객사들로부터 큰 호응을 얻고 있다
CJ대한통운은 향후 시스템 운영을 통해 축적되는 빅데이터를 기반으로 10~15% 가량 예측  정확도를 더 향상시킬 수 있을 것으로 예상하고 있다
회사 측 관계자는 “기술 경쟁력을 곧 물류 경쟁력으로 인식하고, 첨단 미래물류 기술의 개발 및 도입을 통해 물류 초격차 역량 확보에 적극 노력하고 있다”고 말했다
함지현 (hamz@edaily
co
kr)▶ #24시간 빠른 #미리보는 뉴스 #eNews+▶ 네이버에서 '이데일리 뉴스'를 만나보세요▶ 빡침해소, 청춘뉘우스 '스냅타임'＜ⓒ종합 경제정보 미디어 이데일리 - 무단전재 & 재배포 금지＞"	https://news.naver.com/main/read.nhn?mode=LSD&mid=sec&sid1=101&oid=018&aid=0004842582	2021-02-02	이데일리
AI -조류	신한은행, AI 활용해 정기 인사…여성 과장 승진자 10% 늘었다	"신한은행은 1월 26일 자체 개발한 AI 기술 ‘AI 최적해 알고리즘’을 활용해 총 2414명에 대한 정기 인사를 했다고 발표했다
 /신한은행 제공신한은행이 인공지능(AI)을 활용해 승진자 등을 추리는 실험을 시도했다
진옥동 신한은행장은 “고객과 미래를 위한 변화를 최우선의 가치로 두고 이번 상반기 정기 인사를 시행했다”며 “적극적이고 투명한 인사 정책을 통해 고객 중심의 일류 은행으로 거듭날 것”이라고 말했다"	"		 기업(사진) 진옥동 신한은행장이 1월 22일 열린 '2021년 경영전략회의'에서 발언하고 있다
 /신한은행 제공신한은행이 인공지능(AI)을 활용해 승진자 등을 추리는 실험을 시도했다
신한은행은 1월 26일 자체 개발한 AI 기술 ‘AI 최적해 알고리즘’을 활용해 총 2414명에 대한 정기 인사를 했다고 발표했다
 직원 업무 숙련도와 영업점 직무 데이터를 토대로 업무 효율을 최대치로 끌어올릴 수 있는 인사를 단행했다는 게 신한은행의 설명이다
이번 AI 인사의 가장 큰 변화는 ‘여풍(女風)’이다
 과장급 승진자 중 여성의 비율이 42%로 지난 3년 평균 대비 10%포인트 상승했다
 현장 영업력을 강화하고 본부 부서 내 신속한 의사 결정을 위해 본부 부서 팀장급 직원을 영업 현장에 전진 배치했다
본부 부서의 결재 과정을 줄여 실무 책임자가 경영진에게 직접 보고하고 즉시 실행할 수 있도록 하는 등 보고 체계도 바꿨다
신한은행이 인사를 AI에 맡긴 것은 객관성과 공정성을 높이기 위해서다
 직원들의 근무 연수, 직무 경험, 자격증, 출퇴근 거리 등의 인사 정보를 빅데이터화하고 장시간의 테스트를 거쳤다는 설명이다
진옥동 신한은행장은 “고객과 미래를 위한 변화를 최우선의 가치로 두고 이번 상반기 정기 인사를 시행했다”며 “적극적이고 투명한 인사 정책을 통해 고객 중심의 일류 은행으로 거듭날 것”이라고 말했다
최은석 기자 choies@hankyung
com▶ 한경비즈니스 네이버 뉴스에서 ▶ 잡지 정기구독 신청▶ 디지털기술 투자 포트폴리오를 한눈에 알려줍니다 <한경무크 CES2021> ⓒ 한경비즈니스, 무단전재 및 재배포 금지	"	https://news.naver.com/main/read.nhn?mode=LSD&mid=sec&sid1=101&oid=050&aid=0000056505	2021-02-02	한경비즈니스언론사 
인공지능	[편집국에서] 인공지능만큼 중요한 볼트와 너트	" 신종 코로나바이러스 감염증(코로나19) 사태가 장기화하는 가운데 각종 규제로 기업 활동이 위축되고 있어서다
 제조업과 서비스업의 경계가 없어지는 ‘신(新)제조업 시대’도 열릴 전망이다
 약 20분간 이어진 발표의 키워드는 ‘디지털 경제’ ‘비대면 산업’ ‘프로토콜(규약) 경제’ ‘혁신 벤처기업’ ‘가상·구독경제’ 등이었다"	"디지털·AI·비대면 등 첨단산업에만 관심뿌리산업 등 전통제조업 경쟁력 높여야이정선 중소기업부 차장중소기업인 신년인사회가 열린 지난달 19일 서울 여의도 중소기업중앙회관
 박영선 전 중소벤처기업부 장관은 ‘2021년 중소기업 정책 방향’이라는 주제로 발표했다
 약 20분간 이어진 발표의 키워드는 ‘디지털 경제’ ‘비대면 산업’ ‘프로토콜(규약) 경제’ ‘혁신 벤처기업’ ‘가상·구독경제’ 등이었다
 중소기업의 핵심 영역인 제조업에 대한 언급은 없었다
 이날 참석자들은 대부분 공장을 운영하는 중소기업인이었다
정부의 무관심 때문일까
 첨단산업을 칭송하는 온갖 레토릭 속에 묻힌 중소제조업의 환경은 심상치 않다
 신종 코로나바이러스 감염증(코로나19) 사태가 장기화하는 가운데 각종 규제로 기업 활동이 위축되고 있어서다
관련 지표를 보자
 공장 가동률은 글로벌 금융위기 이후 최저치다
 지난해 11월 대구와 구미국가산업단지 가동률은 각각 53%, 61%에 그쳤다
 산업단지의 공장 처분 건수도 2019년 1484건에서 지난해 1773건으로 19.4% 늘었다
 특히 제조업의 기반인 주물, 금형 등 ‘뿌리산업’은 그야말로 고사 위기다
 중소제조업을 운영하는 기업인들은 이구동성으로 “한계상황에 이르고 있다”고 우려한다
경제의 성장 엔진인 제조업의 중요성은 아무리 강조해도 지나치지 않다
 국내 제조업은 국내총생산(GDP)의 29.3%를 차지한다
 일자리의 원천도 제조업이다
 제조업이 창출하는 민간 일자리는 전체 산업 가운데 가장 많은 400만 개에 이른다
 더욱이 수출 비중이 높은 한국에서 제조업의 존재 의의는 각별할 수밖에 없다
 지난해 코로나19 충격을 완화하는 데 버팀목 역할을 한 것도 제조업이었다
 김용범 기획재정부 1차관이 페이스북을 통해 “한국 경제의 진정한 영웅은 제조업”이라고 표현한 것도 이 때문이다
제조업은 한물간 산업이 아니다
 중소제조업의 기반인 뿌리산업에 속하는 주물, 금형업 등은 세계적인 경쟁력을 갖추고 있다
 한때 큰 격차가 있던 일본과의 기술력 차이도 거의 없는 수준이다
 한국의 자동차나 휴대폰 수출은 이런 중소기업들의 부품이 없었다면 불가능했다
 해외에선 한국의 뿌리산업을 첨단산업으로 인식하고 있을 정도다
4차 산업혁명 시대를 맞아 제조업의 중요성은 더욱 주목받고 있다
 인공지능(AI), 사물인터넷(IoT), 로봇 등 첨단기술은 전통제조업과의 융·복합 작업을 통해 구현할 수 있기 때문이다
 제조업과 서비스업의 경계가 없어지는 ‘신(新)제조업 시대’도 열릴 전망이다
 독일, 미국, 영국 등이 제조업 강화에 나선 건 이런 산업사적 흐름과 무관치 않다
 이런 맥락에서 화학물질관리법, 주 52시간제, 최저임금 인상, 중대재해처벌법 등 중소제조업을 옥죄는 규제가 해마다 쏟아지는 현실은 시대착오적인 현기증을 느끼게 한다
2021년 현재 제조업이 지니는 시대적 함의를 정부는 명확하게 인식하고 있는 것 같지 않다
 예를 들어 3만2000여 개에 이르는 뿌리기업을 지원하는 국가뿌리산업진흥센터에 중기부가 지원하는 예산은 연간 60억원 선에 불과하다
 올해 중기부가 비대면 스타트업에 쏟아붓는 예산(300억원)의 5분의 1 수준이다
 스타트업이 중요하지 않다는 건 아니다
 냄비처럼 달궈지고 있는 쏠림을 경계하자는 얘기다
 정밀하게 가공된 볼트와 너트가 없으면 전기차도, 드론도 만들 수 없다
 1986년 공중에서 폭발한 우주왕복선 챌린저호의 사고 원인은 ‘고무 패킹(O-ring)’의 불량 탓이었다
leeway@hankyung
com▶ 경제지 네이버 구독 첫 400만, 한국경제 받아보세요▶ 한경 고품격 뉴스레터, 원클릭으로 구독하세요▶ 한국경제신문과 WSJ, 모바일한경으로 보세요 ⓒ 한국경제 & hankyung
com, 무단전재 및 재배포 금지	"	https://news.naver.com/main/read.nhn?mode=LSD&mid=sec&sid1=110&oid=015&aid=0004493198	2021-02-02	한국경제언론사 
인공지능	부산시, '코로나19 능동감시자 인공지능(AI) 케어콜 서비스	" 이 서비스는 기존 보건소 직원이 직접 전화하는 방식과 달리, 네이버의 자동응대 AI시스템인 '클로바 케어콜'이 능동감시자에게 하루 2번씩(오전10시, 오후3시) 자동으로 전화를 걸어 발열, 호흡기 증상 등 이상여부를 점검하고 보건소 담당 직원들에게 점검 결과를 전송한다
이에 부산시는 네이버와 손잡고 능동감시자 모니터링 업무에 AI 기술을 접목한 '코로나 19 능동감시자 AI 케어콜 서비스'를 도입한다
최근 코로나 19 상황이 지속되면서 코로나19 발생 가능성이 있는 접촉자를 대상으로 보건소 직원이 2주간 매일 2회(오전·오후) 전화로 이상 여부를 점검하는 능동감시자 모니터링 업무 또한 가중되고 있다"	"네이버와 협력…6개 구·군 우선 실시부산광역시청 전경 © News1 DB박채오 기자 = 부산시는 1일부터 네이버와 협력해 인공지능(AI)기술을 활용한 코로나19 능동감시자 관리·대응 체계를 구축한다고 밝혔다
최근 코로나 19 상황이 지속되면서 코로나19 발생 가능성이 있는 접촉자를 대상으로 보건소 직원이 2주간 매일 2회(오전·오후) 전화로 이상 여부를 점검하는 능동감시자 모니터링 업무 또한 가중되고 있다
이에 부산시는 네이버와 손잡고 능동감시자 모니터링 업무에 AI 기술을 접목한 '코로나 19 능동감시자 AI 케어콜 서비스'를 도입한다
 이 서비스는 기존 보건소 직원이 직접 전화하는 방식과 달리, 네이버의 자동응대 AI시스템인 '클로바 케어콜'이 능동감시자에게 하루 2번씩(오전10시, 오후3시) 자동으로 전화를 걸어 발열, 호흡기 증상 등 이상여부를 점검하고 보건소 담당 직원들에게 점검 결과를 전송한다
 시는 우선 6개 구·군(서구, 북구, 사하구, 강서구, 수영구, 기장군)에서 서비스를 시작하고, 향후 부산 전역으로 확대해 나갈 예정이다
chego@news1.kr▶ 네이버 메인에서  구독하기!▶  뉴스1&BBC; 한글 뉴스 ▶  터닝포인트 2021 © 뉴스1코리아(news1.kr), 무단 전재 및 재배포 금지	"	https://news.naver.com/main/read.nhn?mode=LSD&mid=sec&sid1=102&oid=421&aid=0005138933	2021-02-02	뉴스1
핀테크	한국투자증권, 핀테크 스타트업 인덱스마인과 업무협약 체결	"		한국투자증권은 ‘인덱스마인(Indexmine)’과 지난달 29일 업무협약(MOU)을 체결하고 10억원 규모의 지분투자를 진행했다고 1일 밝혔다
이번 협약 체결을 통해 한국투자증권은 다양한 주식 관련 콘텐츠를 보유한 인덱스마인에 10억원(총 지분의 16%) 규모의 지분투자를 진행하기로 했다
 레인보우닷은 유저들간 공개적인 주가 예측 경쟁 시스템인 ‘예측리그’를 통해 신뢰도 높은 금융정보를 만든다는 특징을 갖고 있다"	"		한국투자증권은 ‘인덱스마인(Indexmine)’과 지난달 29일 업무협약(MOU)을 체결하고 10억원 규모의 지분투자를 진행했다고 1일 밝혔다
인덱스마인은 블록체인 기술을 이용한 금융상품 가격 예측 플랫폼 ‘레인보우닷’을 서비스 중인 핀테크 스타트업이다
 레인보우닷은 유저들간 공개적인 주가 예측 경쟁 시스템인 ‘예측리그’를 통해 신뢰도 높은 금융정보를 만든다는 특징을 갖고 있다
이번 협약 체결을 통해 한국투자증권은 다양한 주식 관련 콘텐츠를 보유한 인덱스마인에 10억원(총 지분의 16%) 규모의 지분투자를 진행하기로 했다
이와 함께 레인보우닷의 주가 예측 대회인 ‘예측리그’의 상금도 지원하기로 합의했다
 양사는 향후 디지털플랫폼 경쟁력 강화를 위한 협력 관계를 확대해 나간다는 방침이다
최서룡 한국투자증권 디지털플랫폼본부장은 “이번 인덱스마인과의 협업을 시작으로 여러 디지털플랫폼과 시너지를 창출하며, 증권업 내 플랫폼 비즈니스를 선도하겠다”고 말했다
최서룡(사진 왼쪽) 한국투자증권 디지털플랫폼본부장과 박상우 인덱스마인 대표가 지난달 29일 여의도 한국투자증권 본사에서 업무협약을 체결하고 기념촬영을 하고 있다
 thlee@heraldcorp
com▶환경적 대화기구 '헤럴드에코'▶밀리터리 전문 콘텐츠 ‘헤밀’▶헤럴드경제 네이버 채널 구독- Copyrights ⓒ 헤럴드경제 & heraldbiz
com, 무단 전재 및 재배포 금지 -	"	https://news.naver.com/main/read.nhn?mode=LSD&mid=sec&sid1=101&oid=016&aid=0001787821	2021-02-02	헤럴드경제
테크핀	온택트·신사업 훈풍 타고 네이버 고속질주	"   ■커머스-간편결제-물류·배송 시너지   네이버는 지난해 4·4분기 매출 1조5126억원, 영업이익 3238억원을 기록했다고 28일 밝혔다
   기존 매출 효자인 검색과 광고는 물론 쇼핑 등 전자상거래(e커머스), 간편결제 분야 테크핀, 웹툰 등 신사업 분야가 선전했다
 전분기대비 각각 11.2%, 11.0% 늘어난 수치이다"	"작년 매출 5조·영업이익 1조기존 매출효자 검색·광고는 물론커머스·핀테크·웹툰 성장세 뚜렷  네이버가 지난해 검색·쇼핑사업 성장세로 영업이익 1조원을 돌파했다
 테크핀(기술+금융)·콘텐츠·클라우드 등 신사업 분야도 선전하고 있다
   특히 올해는 CJ그룹, YG·SM·빅히트엔터테인먼트 같은 분야별 1등 기업과 활발히 협업하는 한편 적극적인 인수합병(M&A)을 통해 해외사업에 박차를 가할 전망이다
   ■커머스-간편결제-물류·배송 시너지   네이버는 지난해 4·4분기 매출 1조5126억원, 영업이익 3238억원을 기록했다고 28일 밝혔다
 전분기대비 각각 11.2%, 11.0% 늘어난 수치이다
 또 2020년 연결기준 매출은 5조3041억원, 영업이익은 1조2153억원을 달성했다
 2019년보다 각각 21.8%, 5.2% 증가했다
   기존 매출 효자인 검색과 광고는 물론 쇼핑 등 전자상거래(e커머스), 간편결제 분야 테크핀, 웹툰 등 신사업 분야가 선전했다
 특히 커머스와 네이버페이가 융합된 네이버 스마트스토어는 비대면 경제 흐름을 타고 급성장했다
   ■상반기 회사채 발행 ""해외사업 확장""   한성숙 네이버 대표는 ""지난해 4·4분기 스마트스토어 거래액은 전년대비 76% 성장했다""며 ""스마트스토어 결제자수도 지난해 2000만 명을 넘겼다""고 밝혔다
 여기에 CJ대한통운 물류·배송 역량을 본격 결합, 빠른배송·예약배송·친환경배송 등도 실시할 예정이다
   디지털 금융 등 테크핀 분야 매출은 간편결제 '네이버페이' 성장으로 전분기 대비 15.6% 성장한 2011억 원을 기록했다
   연간 기준으로는 66.6% 급증한 6775억 원 매출을 달성했다
 웹툰 등 콘텐츠 역시 글로벌 흥행을 발판으로 전분기 대비 20.9% 성장한 1389억 원을 기록했다
 콘텐츠 부문 연간 매출은 4602억원으로 전년 대비 48.8% 성장했다
   한 대표는 ""왓패드 인수 등 웹툰·웹소설 간 시너지로 글로벌 이용자와 창작자를 증가시키는 선순환 모델을 만들어 나갈 것""이라며 ""YG·SM·빅히트와도 협력해 글로벌 엔터테인먼트 시장 공략에도 속도를 낼 것""이라고 강조했다
   한편 네이버는 올해 공격적인 투자를 이어나갈 계획을 밝혔다
   박상진 네이버 최고재무책임자(CFO)는 ""국내 뿐 아니라 글로벌 사업 확장을 위해 올 상반기 국내외에서 회사채를 발행할 계획""이라며 ""글로벌 e커머스 시장에 대한 투자 뿐 아니라 중소상공인(SME)도 네이버 기술로 글로벌 비즈니스까지 할 수 있는 생태계를 구축하고자 한다""고 밝혔다
  elikim@fnnews
com 김미희 기자 ▶ 헉! 소리나는 스!토리 뉴스 ▶ '아는 척'하고 싶은 당신을 위한 ▶ 날로먹고 구워먹는 금융이슈   ※ 저작권자 ⓒ 파이낸셜뉴스
 무단 전재-재배포 금지	"	https://news.naver.com/main/read.nhn?mode=LSD&mid=sec&sid1=105&oid=014&aid=0004574446	2021-02-02	파이낸셜뉴스언론사 
빅데이터+보험	[강소기업] 인슈어테크기업 '보맵', 마이데이터 사업자 선정…맞춤보험 추천한...	" 이 MOU에 따라 보맵은 쿠콘이 제공하는 데이터 수집 플랫폼, 금융 클라우드 등의 마이데이터 정보 인프라를 활용해 고객의 상황에 맞는 맞춤형 서비스를 고도화하고 있다
 보맵은 최근 가입한 보험을 확인하고 필요한 보장을 추천해주는 맞춤형 보험관리 솔루션인 '보장핏팅' 서비스를 중심으로 유저 데이터를 분석해 공개했다
 이 결과 보맵 건강보험 가입자 80% 이상이 2030세대로 미래 경제의 핵심 성장 축인 밀레니얼 세대인 것으로 나타났다"	" 인슈어테크 기업인 보맵(대표 류준우)이 지난달 27일 금융위원회에서 마이데이터(본인신용정보관리업) 사업권을 획득했다
보맵은 지난해부터 보안 솔루션 도입, 정보보안실 신설, 빅데이터랩 신설 등 보안 수준을 강화하고 사내 데이터 분석 역량을 높이며 마이데이터 사업을 위한 기반을 구축했다
보맵은 인슈어테크 대표 기업으로 마이데이터 사업자에 선정된 만큼 단순히 편리한 보험 서비스를 넘어 금융, 비금융 데이터를 바탕으로 고객에게 최적화된 상품과 개인화 서비스를 본격적으로 제공할 수 있게 됐다
 특히 데이터 분석 알고리즘을 고도화해 예상 손실에 선제적으로 대응할 수 있는 개인 밀착형 서비스를 준비하고 있다
 또 금융사의 디지털 파트너 역할을 맡아 고객이 필요에 따라 다양한 플랫폼에서 보험 솔루션을 이용할 수 있는 환경을 만들 계획이다
 보맵은 디지털 기술에 기반한 고객 주도적인 서비스로 혁신을 만들며 보험에 대한 인식 개선과 사각지대 해소에 앞장서 왔다
 보맵은 최근 가입한 보험을 확인하고 필요한 보장을 추천해주는 맞춤형 보험관리 솔루션인 '보장핏팅' 서비스를 중심으로 유저 데이터를 분석해 공개했다
 이 결과 보맵 건강보험 가입자 80% 이상이 2030세대로 미래 경제의 핵심 성장 축인 밀레니얼 세대인 것으로 나타났다
보맵은 마이데이터 사업을 위해 그동안 다양한 준비를 마쳤다
 대표적으로 데이터 제공 전문기업 쿠콘과 마이데이터 사업 관련 정보 교류를 확대하며 데이터 경쟁력을 확보하기 위해 업무협약(MOU)을 맺기도 했다
 이 MOU에 따라 보맵은 쿠콘이 제공하는 데이터 수집 플랫폼, 금융 클라우드 등의 마이데이터 정보 인프라를 활용해 고객의 상황에 맞는 맞춤형 서비스를 고도화하고 있다
류준우 보맵 대표는 ""보험은 다른 금융 분야보다 헬스케어, 의료 등 비금융 데이터 활용성이 높다
 단순히 보험계약을 보장 항목으로 비교하는 수준을 벗어나 건강, 자산 현황, 생활습관 정보와 결합해 사전 예방을 확대할 것""이라며 ""마이데이터 사업자로 고객의 요구에 충족하고 최적의 솔루션을 제공하는 데이터 전문 인슈어테크 기업으로 성장하겠다""고 말했다
보맵은 다양한 보험 상품을 제공하기 위한 영역 확대에도 나서고 있다
 최근 악사손해보험과 함께 스포츠단체상해보험(단체형) 상품을 공동 개발해 출시했다
 이 상품은 단체 스포츠 활동 중 발생한 사고에 대해 상해사망, 후유장애, 입원일당, 골절진단비 등을 보장한다
 보맵은 전국 60만명에 달하는 선수들이 간편하게 위험에 대비할 수 있도록 이 상품을 기획했다
또 IBK연금보험과 함께 연금보험 상품 2종을 출시하며 보험의 전통 기능인 위험보장뿐만 아니라 노후생활 대비라는 재테크 기능까지 영역을 넓히기도 했다
 두 연금보험 상품은 장기 유지 시 안정성에 수익성을 더한 상품으로 초과 보험료의 일부를 할인 또는 가산해 더 높은 연금액을 기대할 수 있는 상품이다
 이에 더해 보맵은 보장성, 연금·저축성보험 상품을 확대하고 생애주기, 소득, 건강상태 등 데이터를 활용한 분석 서비스와 결합해 데이터 기반 고객 맞춤형 플랫폼으로 나아갈 계획이다
한편 보맵은 한국 기업 중 최초로 지난해 '세계 100대 인슈어테크 기업'에 이름을 올렸다
 영국 리서치 기업 핀테크글로벌은 매년 전 세계 인슈어테크 시장을 선도하고 있는 100개 기업을 선정하고 있다
 핀테크글로벌은 전 세계 1400여 개 인슈어테크 기업을 대상으로 보험업계 과제 해결, 보험업계 효율성 증대, 서비스 혁신성 등을 고려해 100대 기업을 선정한다
 2019년엔 글로벌 인슈어테크 기업인 레모네이드, 메트로마일, 루트 등이 뽑히기도 했다
 보맵은 디지털 전환, 혁신성, 고객경험 활용 등을 높게 평가받아 100대 기업에 포함된 것으로 알려졌다
▶ 네이버 메인에서 '매일경제'를 받아보세요▶ 궁금한 제조과정 영상으로 보세요
 '이렇게 만들죠'▶ 아파트 살까 청약할까
 여기서 확인하세요
 '매부리tv'[ⓒ 매일경제 & mk
co
kr, 무단전재 및 재배포 금지]	"	https://news.naver.com/main/read.nhn?mode=LSD&mid=sec&sid1=101&oid=009&aid=0004742967	2021-02-02	매일경제
AI+보험	2021년 놓치면 아까운 보험상품들… 4세대 실손보험·체증형 종신보험, 내게 ...	" 2021년 ‘신축년(辛丑年)’이 본격적으로 시작되면서 보험권에도 다양한 변화가 일고 있다
 교보생명 앱 ‘Kare 마음건강’ 한화생명이 최근 출시한 건강관리 서비스앱인 헬로(HELLO)는 사용자가 공인인증서로 본인인증을 하면 과거 10년 치의 건강검진정보를 한눈에 보여준다
 헬스케어 서비스는 사물인터넷(IoT)으로 고객의 건강활동정보를 수집·분석해 각종 건강 상담을 해주는 서비스다"	"		보험상품은 한 번 가입하면 중도에 해지하기 어려운 것들이 많다
 금융상품 중에서는 드물게 평생상품으로도 불린다
 이 때문에 보험 가입은 최대한 신중히 해야 하고, 여러 곳의 보험사 상품을 비교한 뒤에 자신에게 맞는 최적의 것을 골라야 한다
 특히 종신보험이나 상해보험 같은 보장성보험 상품은 한 번 가입하면 10년, 20년, 30년씩 보험료를 내게 된다
 가입목적을 분명히 하고 여기에 맞는 가입 시기를 선택하는 지혜가 무엇보다 중요하다
장수상품으로 분류되는 보험이지만 매년 크고 작은 변화가 있다
 상품 자체가 없어지기도 하고 기존에 보장하지 않던 부분을 추가하는 상품이 생겨나기도 한다
 판매가 중단되거나 조건이 나빠질 수 있는 상품을 놓고 ‘절판마케팅’이 활발히 벌어지는 곳이 보험업계이기도 하다
 2021년 ‘신축년(辛丑年)’이 본격적으로 시작되면서 보험권에도 다양한 변화가 일고 있다
 신축년에 놓치면 아쉬운 보험상품·서비스 3가지를 꼽아봤다
  ▶실손의료보험 없는 사람은 ‘주목’약 3800만 명이 가입해 ‘제2의 건강보험’으로 불리는 실손의료보험이 4세대 상품으로 바뀐다
 병원을 자주 찾을수록 보험료가 올라가는 것이 핵심이다
 상품은 개발 과정을 거쳐 오는 7월부터 판매된다
상품이 개편된 배경은 이렇다
 현재 병원을 많이 찾는 상위 10%가 전체 보험금의 56.8%를 타갈 정도로 쏠림 현상이 심하다
 병원을 거의 가지 않고 꼬박꼬박 보험료를 내는 사람에게는 너무 불리한 구조인 것이다
 이 때문에 보험료 할증을 통해 과도한 의료쇼핑을 막겠다는 것이다
병원 진료비는 건강보험공단에서 부담하는 급여항목과 개인이 부담하는 비급여항목으로 나뉜다
 실손보험은 상해나 질병으로 가입자가 의료기관을 이용했을 경우 비급여항목과 본인이 내는 급여항목을 지원해준다
4세대 실손보험은 비급여를 특약으로 분리하고 이와 연계한 보험료 차등제를 도입하기로 했다
 현재는 도수·체외충격파·증식치료, 비급여주사, 비급여 MRI 등 3가지 항목만 특약으로 구분했는데, 개편 후에는 모든 비급여 항목이 특약에 포함된다
보험료는 갱신 전 1년간의 비급여 지급보험금을 기준으로 결정된다
 가입자를 5개 등급으로 나눠 비급여 지급보험금이 없는 1등급은 5% 할인, 100만원 미만인 2등급은 유지, 100만~150만원인 3등급은 100% 할증, 150만~300만원인 4등급은 200% 할증, 300만원 이상인 5등급은 300%가 할증된다
 예를 들어 1만원의 보험료를 내던 가입자가 300만원 이상의 비급여 보험금을 받았다면 다음해 보험료가 네 배 오른 4만원이 된다
보험금 지급 이력은 1년마다 초기화된다
 올해 지급보험금이 많은 경우 내년에 보험료가 오르지만, 내년에 무사고로 지급보험금이 없다면 내후년은 보험료를 할인받을 수 있다
 예를 들어 2021년 1만원의 보험료를 납부하는 사람이 300만원의 보험금을 받았다면 2022년은 보험료가 4만원이 되지만, 이 해에 받은 보험금이 없다면 2023년 보험료는 9500원으로 떨어진다
   보험료 차등제는 통계확보 과정이 필요해 2024년부터 시행된다
 보험료 차등제는 기존 가입한 상품에는 적용되지 않고 4세대 실손보험 상품에만 적용된다
 기존 상품 가입자도 새로운 상품으로 계약 전환할 수 있다
 계약 전환 시 특별한 경우를 제외하고는 대부분 무심사로 진행될 예정이다
 4세대 상품은 보험금 수령 시 자기가 부담해야 하는 자기부담금을 높이고 통원 공제금액도 올림으로써 보험료를 낮췄다
 40세 남성이 올해 가입한다고 가정할 경우 월 보험료는 1만929원이다
 현재 판매 중인 신실손보다 10%, 표준화 실손보다 50%, 표준화 전 실손보다 약 70%가량 보험료가 저렴해진다
4세대 상품의 보험료가 경쟁력이 있지만 이미 실손보험이 있는 사람은 갈아타기에 신중해야 한다
 기존 상품과 보장내용, 자기부담금 등이 다르기 때문에 본인의 건강상태와 의료이용 성향 등을 고려해 꼼꼼히 따져봐야 한다
 특히 4세대 실손보험은 보험료 차등제가 적용된다
 만약에 건강상 문제로 비급여 항목을 많이 이용한다면 갈아타는 게 불리할 수 있다
 노년에 보험료 부담이 고민된다면 고령자실손보험 등으로 전환하는 방법도 있다
아직까지 실손보험이 없는 사람이라면 7월 전까지 실손보험 가입을 고민하는 것도 좋다
 4세대 실손보험은 비급여 항목의 지급보험금이 모두 할증 대상이 되기 때문에 자칫 잘못 가입할 경우 ‘배보다 배꼽이 큰’ 보험료를 내야 할 수도 있기 때문이다
 일부에서는 보험금을 받은 뒤에 결국 비싼 보험료로 이를 메워야 한다는 점을 지적한다
 실손보험이 아니라 실손할부라는 얘기가 나오는 것은 이 때문이다
 다만 장기적으로 4세대 실손 이전의 보험들은 보험료가 급격히 오를 수 있다는 점은 신중히 고려해야 한다
 교보생명 ‘교보실속있는체증형종신보험’ ▶종신보험은 ‘체증형’ 상품에 관심을올해 종신보험 가입을 고민하고 있는 사람이라면 ‘체증형’ 상품에 관심을 가질 만하다
 이는 당장 내는 보험료 부담은 줄이면서 나중에 받게 되는 보험금은 일정 연령 이상이 되면 꾸준히 올라가는 상품이다
이러한 상품이 나오게 된 계기는 이렇다
 본인이 사망했을 때보다 많은 보험금을 남기고 싶지만 당장의 비싼 보험료가 부담이 되는 사람들을 위한 것이다
 예를 들어 사망 시 2억원의 보험금을 남기려면 매월 내야 하는 보험료 부담이 만만치 않다
 이를 1억원으로 줄이면 보험료 부담은 절반 수준으로 뚝 떨어진다
 체증형은 이러한 두 가지 경우를 중재했다
  예를 들어 매달 내는 보험료를 1억원인 보험금 계약 수준보다 조금 더 내면, 만 60세 또는 만 70세 이후 받게 되는 사망보험금도 매년 조금씩 늘면서 최종적으로 1억 5000만원 또는 2억원을 받을 수 있도록 설계된 것이다
 보험금을 더 받을 수 있는데도 보험료 부담이 상대적으로 적은 것은 저해지 환급형 구조를 이용했기 때문이다
 중도에 해지할 경우 환급받을 수 있는 보험금이 많지 않은 대신 만기를 채우면 보험금을 제대로 받을 수 있는 것이 저해지 상품이다
 교보생명이 최근 출시한 ‘교보실속있는체증형종신보험’은 가입 시 ‘61세체증형’과 ‘조기체증형’ 가운데 하나를 고를 수 있다
 ‘61세체증형’은 61세부터, ‘조기체증형’은 가입 3년 후부터 최대 20년간 매년 보험가입금액이 3%씩 증가해 20년 후에는 가입금액의 최대 160%를 받을 수 있는 상품이다
 예를 들어 주계약 가입금액 1억원인 종신보험에 61세체증형으로 가입할 경우 가입금액은 61세부터 매년 300만원씩 늘어나 80세가 되면 1억6000만원이 되는 구조다
 ‘저해지환급금형’을 선택하면 보험료 납입기간에는 ‘일반형’에 비해 해지환급금이 50%만 지급되는 반면, 보험료는 일반형에 비해 12%가량 저렴하다
 생애 변화에 맞춰 사망보험금을 생활자금으로 전환할 수 있는 것도 장점이다
 경제활동기에는 사망을 보장받고 은퇴 후에는 가입금액의 90%까지 최대 20년간 생활자금을 받을 수 있다
 농협생명 종신보험 신상품 2종 출시 보험료 납입기간이 종료되면 주계약 납입보험료의 최대 6%까지 납입완료보너스를, 기본적립금의 최대 7%까지 장기유지보너스를 받을 수 있다
 또한 보험료 납입기간 5년이 지난 시점부터 매월 주계약 기본보험료의 최대 3%까지 장기납입보너스도 적립된다
 이 상품은 만 15세부터 최대 70세까지 가입할 수 있다
 보험료는 30세 남자, 주계약 가입금액 1억원, 20년납, 저해지환급금형(해지보증) 기준 61세체증형은 월 32만4000원, 조기체증형은 월 34만9000원이다
NH농협생명에도 사망보험금이 매년 상승하는 ‘더블플러스NH종신보험’이 있다
 이 상품은 계약 사망보험금이 가입시점부터 매년 5% 체증한다
 최장 20년 동안 보험가입금액의 100%가 체증해 최대 200% 사망보험금을 보장한다
 또한 이 상품은 보험료 납입완료 시 플러스지원금이 추가로 적립된다
 보험가입금액과 납입기간에 따라 이미 납입한 보험료의 최대 4.5% 플러스지원금이 더해진다
 신한생명 디지털 헬스케어 플랫폼 ‘하우핏’ 베타버전 론칭 상위 1%의 초우량고객(VVIP)을 대상으로 한 한화생명의 ‘VVIP 종신보험’에도 체증형 상품이 있다
 체증형은 체증나이 71세부터 매년 3%씩 최대 20년까지 사망보험금이 증액돼 상속세 재원 마련을 원하는 고객에게 적합하다
 예를 들어 60세 남성이 월 300만원의 보험료로 10년납 가입 시(사망보험금 2억6000만원) 70세까지 기본 사망보험금이 보장된다
 이후 체증나이 71세부터는 90세까지 사망보험금의 3%에 해당하는 780만원이 매년 체증되는 형태다
 만약 90세에 사망할 경우 보장 금액이 4억1600만원으로 최종 확정돼 사망보험금은 최대 1.6배까지 증액된다
처브라이프생명도 가입 1년 후부터 매년 사망보험금이 증가하는 ‘Chubb 더하고 채우는 종신보험 무배당’을 최근 출시했다
 이 상품은 가입 1년 후부터 매년 5%씩 30년간 사망보험금이 증가한다
 사망 보장이 주목적인 종신보험은 중도 해지할 경우 납입한 보험료에 비해 낮은 환급금이 지급되는 것이 일반적이나 이 상품은 보험료 납입완료 시점에 해지환급금이 100% 내외가 되며 이후 기간이 경과할수록 증가한다
 40세 남성, 주계약 가입금액 3000만원인 10년납 상품의 경우 보험료가 완납된 시점의 해지환급률은 104.2%이며 15년이 된 시점의 해지환급률은 116.1%이다
  ▶보험사 헬스케어 서비스 무료로 이용올해부터 특정 보험 가입자들에게만 한정적으로 제공됐던 보험사 헬스케어 서비스의 문턱이 모든 일반인들로 낮아진다
 보험사가 할 수 있는 부수업무 범위가 확대됐기 때문이다
 헬스케어 서비스는 사물인터넷(IoT)으로 고객의 건강활동정보를 수집·분석해 각종 건강 상담을 해주는 서비스다
 걸음걸이와 속도, 식사습관, 수면시간, 운동, 혈압·혈당 등이 모두 분석 대상이다
  미국과 중국 등 해외에서는 보험사와 정보통신기술(ICT) 기업 등을 중심으로 건강관리 서비스가 활성화되고 있다
 중국 핑안보험은 헬스케어 플랫폼 핑안굿닥터를 통해 모바일 기반의 개인화된 헬스케어 서비스를 제공 중이다
 회원 수만 2억6000만 명에 달한다
 단순한 건강관리를 넘어 전담의사와의 원격진료와 처방전 수령 등까지 서비스 범위가 넓다
미국 유나이티드헬스케어그룹은 자회사 옵텀을 통해 건강관리 플랫폼 랠리를 운용중이다
 여기서는 생체나이 측정과 일일활동량 목표를 제시, 활동량 체크 등을 제공한다
 특히 사용자들의 활동량 등을 소셜 커뮤니티에 공유해 서로 경쟁시키면서 동기부여를 불어넣기도 한다
 한화생명 ‘VVIP종신보험’ 출시 현재 국내 보험사가 제공하는 헬스케어 서비스로는 일정 운동 목표를 달성할 경우 포인트 제공, 건강나이 진단, 식단과 영양 분석, 건강 관련 정보 제공 등을 꼽을 수 있다
 신한생명은 제도 개선과 함께 업계 처음으로 디지털 헬스케어 플랫폼 하우핏(HowFIT)을 자사 보험 계약자 외에 일반인들에게도 이용할 수 있도록 했다
 하우핏은 별도의 웨어러블 장비 없이 모바일 카메라가 내 움직임을 인식해 제대로 된 동작을 하고 있는지 평가하는 운동 코칭 프로그램이다
 예를 들어 스쿼트 동작을 할 경우 허리나 다리 자세가 제대로 됐는지 인공지능(AI)이 판단해 정확도 여부를 알려준다
 큰돈을 들이지 않고도 맞춤형태의 운동 코칭을 받을 수 있는 것이다
대표적인 포인트 제공형 앱으로는 삼성화재 애니핏을 꼽을 수 있다
 애니핏은 매일 목표 걸음수를 충족할 경우 포인트를 제공해주고, 일정 걸음 이상인 경우 보험료도 할인해주는 서비스다
 지급된 포인트는 삼성화재 애니포인트몰에서 물품과 서비스 구입에 사용할 수 있다
 최근에는 골다공증케어와 건강위험분석, 건강검진예약, 마음건강체크 등 4가지 서비스가 추가됐다
 교보생명 앱 ‘Kare 마음건강’ 한화생명이 최근 출시한 건강관리 서비스앱인 헬로(HELLO)는 사용자가 공인인증서로 본인인증을 하면 과거 10년 치의 건강검진정보를 한눈에 보여준다
 또 건강 수준을 나이로 환산한 생체나이도 분석해 제공한다
 특징적인 서비스로는 AI를 활용한 식단·영양 분석을 꼽을 수 있다
 본인이 먹는 음식을 스마트폰 카메라로 찍으면 어떤 음식인지, 영양소와 칼로리는 어떤지 자동으로 AI가 분석해 알려주는 것이다
교보생명이 지난 8월 출시한 통합 서비스 앱인 케어(Kare)는 헬스케어 서비스부터 간편 보험금청구 등 인슈어테크 서비스까지 통합 제공하는 것이 특징이다
 최근에는 코로나 블루 극복을 위한 멘탈케어 서비스를 추가했다
 스트레스와 우울 등 6가지 테스트를 통해 자신의 마음건강을 종합적으로 분석할 수 있고, 컬러테라피를 통해 스트레스로 인한 심신의 긴장 상태 등을 치유하도록 도와준다
 또 AI 기술을 활용해 셀카를 찍는 즉시 웃음 정도를 인식해 스마일 점수를 알려주기도 한다
▶ 네이버 메인에서 '매일경제'를 받아보세요▶ 궁금한 제조과정 영상으로 보세요
 '이렇게 만들죠'▶ 아파트 살까 청약할까
 여기서 확인하세요
 '매부리tv'[ⓒ 매일경제 & mk
co
kr, 무단전재 및 재배포 금지]	"	https://news.naver.com/main/read.nhn?mode=LSD&mid=sec&sid1=004&oid=009&aid=0004742858	2021-02-02	매일경제
인공지능+보험	2021년 놓치면 아까운 보험상품들… 4세대 실손보험·체증형 종신보험, 내게 ...	" 2021년 ‘신축년(辛丑年)’이 본격적으로 시작되면서 보험권에도 다양한 변화가 일고 있다
 교보생명 앱 ‘Kare 마음건강’ 한화생명이 최근 출시한 건강관리 서비스앱인 헬로(HELLO)는 사용자가 공인인증서로 본인인증을 하면 과거 10년 치의 건강검진정보를 한눈에 보여준다
교보생명이 지난 8월 출시한 통합 서비스 앱인 케어(Kare)는 헬스케어 서비스부터 간편 보험금청구 등 인슈어테크 서비스까지 통합 제공하는 것이 특징이다"	"		보험상품은 한 번 가입하면 중도에 해지하기 어려운 것들이 많다
 금융상품 중에서는 드물게 평생상품으로도 불린다
 이 때문에 보험 가입은 최대한 신중히 해야 하고, 여러 곳의 보험사 상품을 비교한 뒤에 자신에게 맞는 최적의 것을 골라야 한다
 특히 종신보험이나 상해보험 같은 보장성보험 상품은 한 번 가입하면 10년, 20년, 30년씩 보험료를 내게 된다
 가입목적을 분명히 하고 여기에 맞는 가입 시기를 선택하는 지혜가 무엇보다 중요하다
장수상품으로 분류되는 보험이지만 매년 크고 작은 변화가 있다
 상품 자체가 없어지기도 하고 기존에 보장하지 않던 부분을 추가하는 상품이 생겨나기도 한다
 판매가 중단되거나 조건이 나빠질 수 있는 상품을 놓고 ‘절판마케팅’이 활발히 벌어지는 곳이 보험업계이기도 하다
 2021년 ‘신축년(辛丑年)’이 본격적으로 시작되면서 보험권에도 다양한 변화가 일고 있다
 신축년에 놓치면 아쉬운 보험상품·서비스 3가지를 꼽아봤다
  ▶실손의료보험 없는 사람은 ‘주목’약 3800만 명이 가입해 ‘제2의 건강보험’으로 불리는 실손의료보험이 4세대 상품으로 바뀐다
 병원을 자주 찾을수록 보험료가 올라가는 것이 핵심이다
 상품은 개발 과정을 거쳐 오는 7월부터 판매된다
상품이 개편된 배경은 이렇다
 현재 병원을 많이 찾는 상위 10%가 전체 보험금의 56.8%를 타갈 정도로 쏠림 현상이 심하다
 병원을 거의 가지 않고 꼬박꼬박 보험료를 내는 사람에게는 너무 불리한 구조인 것이다
 이 때문에 보험료 할증을 통해 과도한 의료쇼핑을 막겠다는 것이다
병원 진료비는 건강보험공단에서 부담하는 급여항목과 개인이 부담하는 비급여항목으로 나뉜다
 실손보험은 상해나 질병으로 가입자가 의료기관을 이용했을 경우 비급여항목과 본인이 내는 급여항목을 지원해준다
4세대 실손보험은 비급여를 특약으로 분리하고 이와 연계한 보험료 차등제를 도입하기로 했다
 현재는 도수·체외충격파·증식치료, 비급여주사, 비급여 MRI 등 3가지 항목만 특약으로 구분했는데, 개편 후에는 모든 비급여 항목이 특약에 포함된다
보험료는 갱신 전 1년간의 비급여 지급보험금을 기준으로 결정된다
 가입자를 5개 등급으로 나눠 비급여 지급보험금이 없는 1등급은 5% 할인, 100만원 미만인 2등급은 유지, 100만~150만원인 3등급은 100% 할증, 150만~300만원인 4등급은 200% 할증, 300만원 이상인 5등급은 300%가 할증된다
 예를 들어 1만원의 보험료를 내던 가입자가 300만원 이상의 비급여 보험금을 받았다면 다음해 보험료가 네 배 오른 4만원이 된다
보험금 지급 이력은 1년마다 초기화된다
 올해 지급보험금이 많은 경우 내년에 보험료가 오르지만, 내년에 무사고로 지급보험금이 없다면 내후년은 보험료를 할인받을 수 있다
 예를 들어 2021년 1만원의 보험료를 납부하는 사람이 300만원의 보험금을 받았다면 2022년은 보험료가 4만원이 되지만, 이 해에 받은 보험금이 없다면 2023년 보험료는 9500원으로 떨어진다
   보험료 차등제는 통계확보 과정이 필요해 2024년부터 시행된다
 보험료 차등제는 기존 가입한 상품에는 적용되지 않고 4세대 실손보험 상품에만 적용된다
 기존 상품 가입자도 새로운 상품으로 계약 전환할 수 있다
 계약 전환 시 특별한 경우를 제외하고는 대부분 무심사로 진행될 예정이다
 4세대 상품은 보험금 수령 시 자기가 부담해야 하는 자기부담금을 높이고 통원 공제금액도 올림으로써 보험료를 낮췄다
 40세 남성이 올해 가입한다고 가정할 경우 월 보험료는 1만929원이다
 현재 판매 중인 신실손보다 10%, 표준화 실손보다 50%, 표준화 전 실손보다 약 70%가량 보험료가 저렴해진다
4세대 상품의 보험료가 경쟁력이 있지만 이미 실손보험이 있는 사람은 갈아타기에 신중해야 한다
 기존 상품과 보장내용, 자기부담금 등이 다르기 때문에 본인의 건강상태와 의료이용 성향 등을 고려해 꼼꼼히 따져봐야 한다
 특히 4세대 실손보험은 보험료 차등제가 적용된다
 만약에 건강상 문제로 비급여 항목을 많이 이용한다면 갈아타는 게 불리할 수 있다
 노년에 보험료 부담이 고민된다면 고령자실손보험 등으로 전환하는 방법도 있다
아직까지 실손보험이 없는 사람이라면 7월 전까지 실손보험 가입을 고민하는 것도 좋다
 4세대 실손보험은 비급여 항목의 지급보험금이 모두 할증 대상이 되기 때문에 자칫 잘못 가입할 경우 ‘배보다 배꼽이 큰’ 보험료를 내야 할 수도 있기 때문이다
 일부에서는 보험금을 받은 뒤에 결국 비싼 보험료로 이를 메워야 한다는 점을 지적한다
 실손보험이 아니라 실손할부라는 얘기가 나오는 것은 이 때문이다
 다만 장기적으로 4세대 실손 이전의 보험들은 보험료가 급격히 오를 수 있다는 점은 신중히 고려해야 한다
 교보생명 ‘교보실속있는체증형종신보험’ ▶종신보험은 ‘체증형’ 상품에 관심을올해 종신보험 가입을 고민하고 있는 사람이라면 ‘체증형’ 상품에 관심을 가질 만하다
 이는 당장 내는 보험료 부담은 줄이면서 나중에 받게 되는 보험금은 일정 연령 이상이 되면 꾸준히 올라가는 상품이다
이러한 상품이 나오게 된 계기는 이렇다
 본인이 사망했을 때보다 많은 보험금을 남기고 싶지만 당장의 비싼 보험료가 부담이 되는 사람들을 위한 것이다
 예를 들어 사망 시 2억원의 보험금을 남기려면 매월 내야 하는 보험료 부담이 만만치 않다
 이를 1억원으로 줄이면 보험료 부담은 절반 수준으로 뚝 떨어진다
 체증형은 이러한 두 가지 경우를 중재했다
  예를 들어 매달 내는 보험료를 1억원인 보험금 계약 수준보다 조금 더 내면, 만 60세 또는 만 70세 이후 받게 되는 사망보험금도 매년 조금씩 늘면서 최종적으로 1억 5000만원 또는 2억원을 받을 수 있도록 설계된 것이다
 보험금을 더 받을 수 있는데도 보험료 부담이 상대적으로 적은 것은 저해지 환급형 구조를 이용했기 때문이다
 중도에 해지할 경우 환급받을 수 있는 보험금이 많지 않은 대신 만기를 채우면 보험금을 제대로 받을 수 있는 것이 저해지 상품이다
 교보생명이 최근 출시한 ‘교보실속있는체증형종신보험’은 가입 시 ‘61세체증형’과 ‘조기체증형’ 가운데 하나를 고를 수 있다
 ‘61세체증형’은 61세부터, ‘조기체증형’은 가입 3년 후부터 최대 20년간 매년 보험가입금액이 3%씩 증가해 20년 후에는 가입금액의 최대 160%를 받을 수 있는 상품이다
 예를 들어 주계약 가입금액 1억원인 종신보험에 61세체증형으로 가입할 경우 가입금액은 61세부터 매년 300만원씩 늘어나 80세가 되면 1억6000만원이 되는 구조다
 ‘저해지환급금형’을 선택하면 보험료 납입기간에는 ‘일반형’에 비해 해지환급금이 50%만 지급되는 반면, 보험료는 일반형에 비해 12%가량 저렴하다
 생애 변화에 맞춰 사망보험금을 생활자금으로 전환할 수 있는 것도 장점이다
 경제활동기에는 사망을 보장받고 은퇴 후에는 가입금액의 90%까지 최대 20년간 생활자금을 받을 수 있다
 농협생명 종신보험 신상품 2종 출시 보험료 납입기간이 종료되면 주계약 납입보험료의 최대 6%까지 납입완료보너스를, 기본적립금의 최대 7%까지 장기유지보너스를 받을 수 있다
 또한 보험료 납입기간 5년이 지난 시점부터 매월 주계약 기본보험료의 최대 3%까지 장기납입보너스도 적립된다
 이 상품은 만 15세부터 최대 70세까지 가입할 수 있다
 보험료는 30세 남자, 주계약 가입금액 1억원, 20년납, 저해지환급금형(해지보증) 기준 61세체증형은 월 32만4000원, 조기체증형은 월 34만9000원이다
NH농협생명에도 사망보험금이 매년 상승하는 ‘더블플러스NH종신보험’이 있다
 이 상품은 계약 사망보험금이 가입시점부터 매년 5% 체증한다
 최장 20년 동안 보험가입금액의 100%가 체증해 최대 200% 사망보험금을 보장한다
 또한 이 상품은 보험료 납입완료 시 플러스지원금이 추가로 적립된다
 보험가입금액과 납입기간에 따라 이미 납입한 보험료의 최대 4.5% 플러스지원금이 더해진다
 신한생명 디지털 헬스케어 플랫폼 ‘하우핏’ 베타버전 론칭 상위 1%의 초우량고객(VVIP)을 대상으로 한 한화생명의 ‘VVIP 종신보험’에도 체증형 상품이 있다
 체증형은 체증나이 71세부터 매년 3%씩 최대 20년까지 사망보험금이 증액돼 상속세 재원 마련을 원하는 고객에게 적합하다
 예를 들어 60세 남성이 월 300만원의 보험료로 10년납 가입 시(사망보험금 2억6000만원) 70세까지 기본 사망보험금이 보장된다
 이후 체증나이 71세부터는 90세까지 사망보험금의 3%에 해당하는 780만원이 매년 체증되는 형태다
 만약 90세에 사망할 경우 보장 금액이 4억1600만원으로 최종 확정돼 사망보험금은 최대 1.6배까지 증액된다
처브라이프생명도 가입 1년 후부터 매년 사망보험금이 증가하는 ‘Chubb 더하고 채우는 종신보험 무배당’을 최근 출시했다
 이 상품은 가입 1년 후부터 매년 5%씩 30년간 사망보험금이 증가한다
 사망 보장이 주목적인 종신보험은 중도 해지할 경우 납입한 보험료에 비해 낮은 환급금이 지급되는 것이 일반적이나 이 상품은 보험료 납입완료 시점에 해지환급금이 100% 내외가 되며 이후 기간이 경과할수록 증가한다
 40세 남성, 주계약 가입금액 3000만원인 10년납 상품의 경우 보험료가 완납된 시점의 해지환급률은 104.2%이며 15년이 된 시점의 해지환급률은 116.1%이다
  ▶보험사 헬스케어 서비스 무료로 이용올해부터 특정 보험 가입자들에게만 한정적으로 제공됐던 보험사 헬스케어 서비스의 문턱이 모든 일반인들로 낮아진다
 보험사가 할 수 있는 부수업무 범위가 확대됐기 때문이다
 헬스케어 서비스는 사물인터넷(IoT)으로 고객의 건강활동정보를 수집·분석해 각종 건강 상담을 해주는 서비스다
 걸음걸이와 속도, 식사습관, 수면시간, 운동, 혈압·혈당 등이 모두 분석 대상이다
  미국과 중국 등 해외에서는 보험사와 정보통신기술(ICT) 기업 등을 중심으로 건강관리 서비스가 활성화되고 있다
 중국 핑안보험은 헬스케어 플랫폼 핑안굿닥터를 통해 모바일 기반의 개인화된 헬스케어 서비스를 제공 중이다
 회원 수만 2억6000만 명에 달한다
 단순한 건강관리를 넘어 전담의사와의 원격진료와 처방전 수령 등까지 서비스 범위가 넓다
미국 유나이티드헬스케어그룹은 자회사 옵텀을 통해 건강관리 플랫폼 랠리를 운용중이다
 여기서는 생체나이 측정과 일일활동량 목표를 제시, 활동량 체크 등을 제공한다
 특히 사용자들의 활동량 등을 소셜 커뮤니티에 공유해 서로 경쟁시키면서 동기부여를 불어넣기도 한다
 한화생명 ‘VVIP종신보험’ 출시 현재 국내 보험사가 제공하는 헬스케어 서비스로는 일정 운동 목표를 달성할 경우 포인트 제공, 건강나이 진단, 식단과 영양 분석, 건강 관련 정보 제공 등을 꼽을 수 있다
 신한생명은 제도 개선과 함께 업계 처음으로 디지털 헬스케어 플랫폼 하우핏(HowFIT)을 자사 보험 계약자 외에 일반인들에게도 이용할 수 있도록 했다
 하우핏은 별도의 웨어러블 장비 없이 모바일 카메라가 내 움직임을 인식해 제대로 된 동작을 하고 있는지 평가하는 운동 코칭 프로그램이다
 예를 들어 스쿼트 동작을 할 경우 허리나 다리 자세가 제대로 됐는지 인공지능(AI)이 판단해 정확도 여부를 알려준다
 큰돈을 들이지 않고도 맞춤형태의 운동 코칭을 받을 수 있는 것이다
대표적인 포인트 제공형 앱으로는 삼성화재 애니핏을 꼽을 수 있다
 애니핏은 매일 목표 걸음수를 충족할 경우 포인트를 제공해주고, 일정 걸음 이상인 경우 보험료도 할인해주는 서비스다
 지급된 포인트는 삼성화재 애니포인트몰에서 물품과 서비스 구입에 사용할 수 있다
 최근에는 골다공증케어와 건강위험분석, 건강검진예약, 마음건강체크 등 4가지 서비스가 추가됐다
 교보생명 앱 ‘Kare 마음건강’ 한화생명이 최근 출시한 건강관리 서비스앱인 헬로(HELLO)는 사용자가 공인인증서로 본인인증을 하면 과거 10년 치의 건강검진정보를 한눈에 보여준다
 또 건강 수준을 나이로 환산한 생체나이도 분석해 제공한다
 특징적인 서비스로는 AI를 활용한 식단·영양 분석을 꼽을 수 있다
 본인이 먹는 음식을 스마트폰 카메라로 찍으면 어떤 음식인지, 영양소와 칼로리는 어떤지 자동으로 AI가 분석해 알려주는 것이다
교보생명이 지난 8월 출시한 통합 서비스 앱인 케어(Kare)는 헬스케어 서비스부터 간편 보험금청구 등 인슈어테크 서비스까지 통합 제공하는 것이 특징이다
 최근에는 코로나 블루 극복을 위한 멘탈케어 서비스를 추가했다
 스트레스와 우울 등 6가지 테스트를 통해 자신의 마음건강을 종합적으로 분석할 수 있고, 컬러테라피를 통해 스트레스로 인한 심신의 긴장 상태 등을 치유하도록 도와준다
 또 AI 기술을 활용해 셀카를 찍는 즉시 웃음 정도를 인식해 스마일 점수를 알려주기도 한다
▶ 네이버 메인에서 '매일경제'를 받아보세요▶ 궁금한 제조과정 영상으로 보세요
 '이렇게 만들죠'▶ 아파트 살까 청약할까
 여기서 확인하세요
 '매부리tv'[ⓒ 매일경제 & mk
co
kr, 무단전재 및 재배포 금지]	"	https://news.naver.com/main/read.nhn?mode=LSD&mid=sec&sid1=004&oid=009&aid=0004742858	2021-02-02	매일경제
