keyword	title	summary	content	url	date
삼성생명	삼성생명, 작년 순이익 1조2658억원… 전년 比 30%↑	"삼성생명(032830)은 지난해 연결 기준 당기순이익이 1조2658억원으로 전년 대비 30.3% 증가했다고 29일 공시했다
 /연합뉴스삼성생명은 ""보장성 신계약 성장 등에 따른 보험손익 증가와 주가지수상승 등의 영향으로 이차손익이 개선됐다""고 설명했다
또 삼성생명은 이날 보통주 1주당 2500원의 현금 배당을 하기로 결정했다"	"삼성생명(032830)은 지난해 연결 기준 당기순이익이 1조2658억원으로 전년 대비 30.3% 증가했다고 29일 공시했다
영업이익은 1조7900억원으로 전년 대비 42.9% 증가했고, 매출액은 34조5343억원으로 8.6% 증가했다
삼성생명
 /연합뉴스삼성생명은 ""보장성 신계약 성장 등에 따른 보험손익 증가와 주가지수상승 등의 영향으로 이차손익이 개선됐다""고 설명했다
또 삼성생명은 이날 보통주 1주당 2500원의 현금 배당을 하기로 결정했다
 배당금 총액은 4489억원이며 배당성향은 35.5%다
 배당 기준일은 지난해 12월 31일이다
 [박소정 기자 soj@chosunbiz
com] ▶네이버에서 '명품 경제뉴스' 조선비즈를 구독하세요▶삼성SDI, 롯데와 '동거' 청산… 의왕 EMC 사업부 구미로 이전▶비규제지역 가평에서 한 판 붙는 DL이앤씨와 GS건설 	저작권자 ⓒ 조선비즈, 무단 전재 및 재배포 금지"	https://news.naver.com/main/read.nhn?mode=LSD&mid=sec&sid1=101&oid=366&aid=0000661927	2021-02-01
삼성생명	삼전 특별배당 '1조 받은' 삼성생명, 배당금 얼마나 늘까	" 29일 금융투자업계에 따르면 삼성전자는 주당 1932원의 배당을 결정했다고 공시했다
 증권업계에서는 삼성생명 주당 배당금이 3500원으로 약 23% 늘어날것으로 예상하고 있다
 약 1조원에 달하는 금액을 받으면서 올해 순이익은 1조6000억원에 달할 전망이다"	"		[머니투데이 정인지 기자]  삼성생명 사옥 전경 / 사진제공=외부사진삼성전자의 특별배당으로 올해 삼성생명 배당 역시 껑충 뛸 전망이다
 증권업계에서는 삼성생명 주당 배당금이 3500원으로 약 23% 늘어날것으로 예상하고 있다
 29일 금융투자업계에 따르면 삼성전자는 주당 1932원의 배당을 결정했다고 공시했다
 통상적인 배당금 354원에 특별배당금 1578원을 더한 금액이다
 삼성생명은 삼성전자 지분 8.51%를 갖고 있다
 계열사 중 가장 크다
 삼성생명은 올 1분기에 삼성전자로부터 배당금 9818억원을 받을 예정이다
 약 1조원에 달하는 금액을 받으면서 올해 순이익은 1조6000억원에 달할 전망이다
 기존 삼성생명의 올해 순이익 컨센서스는 1조2193억원이었다
 순이익이 늘어나면서 삼성생명 역시 배당을 늘릴 것으로 예상된다
 올해 말 삼성생명 주식을 보유한 주주들은 내년 1분기에 주당 3500원(예상 배당수익률 4.8%)의 배당을 받을 전망이다
 2019년 주당 배당금은 2650원(배당수익률 3.5%)이었다
 삼성생명 최대주주 일가의 배당금은 일단 고 이건희 전 삼성그룹 회장에게 귀속될 전망이다
 삼성생명의 최대주주는 지난해 3분기 기준 이 전 회장(20.76%)이다
 삼성물산이 19.34%, 이재용 삼성전자 부회장이 0.06%를 갖고 있다
 이 전 회장이 지난해 10월 별세한 뒤 삼성생명 지분의 향방은 아직 결정된 바 없다
 홍라희 여사와 딸 이부진 호텔신라 사장, 이서현 삼성복지재단 이사장은 금융위원회에 삼성생명 대주주 변경승인 기간을 3개월 연장해달라고 요청했다
 본래 보헙업은 기존 대주주가 사망해 대주주가 변경되면 3개월 이내에 금융위원회에 변경 승인 신청을 해야 한다
 그러나 삼성그룹은 이 전 회장의 보유 지분에 대한 상속 방법이 확정되지 않아 기간 연장을 요청한 것이다
 금융위는 이를 받아들였다
지배구조 재편과 국회에서 논의되고 있는 삼성생명법으로 고심하고 있는 것으로 해석된다
 삼성생명법은 보험사가 특수관계인 주식가치를 평가할 때 취득가가 아닌 시가로 평가해야 한다는 것이다
 시가 기준 지분 보유은 총 자산의 3%로 제한한다
 삼성생명법이 통과되면, 삼성생명은 약 20조원에 이르는 삼성전자 지분을 매각해야 한다
다만 저금리로 전반적인 생명보험 업황은 여전히 부진한 상황이다
 삼성생명 주가도 현재 7만2200원으로 지난해 초 수준으로 돌아갔다
 정준섭 NH투자증권 연구원은 ""최근 장기 금리가 상승하고 있지만 아직 생명보험의 역마진을 해소하기 어렵다""며 삼성생명에 대한 투자의견 '보유'를 유지했다
 그는 삼성생명의 4분기 실적에 대해서도 ""변액 보증준비금 적립 부담으로 시장 컨센서스를 밑돌 것""이라고 예상했다
 보험사는 변액보험을 판매한 시점의 예정 이율보다 현재 투자수익률이 떨어질 경우 그 차액만큼 ‘변액보증준비금’을 쌓아야 한다
 금리가 하락하면 운용 자산 수익률이 낮아지고 보증준비금 부담이 커진다
 정인지 기자 injee@mt
co
kr▶부동산 투자는 [부릿지]▶조 변호사의 가정상담소▶줄리아 투자노트 <저작권자 ⓒ '돈이 보이는 리얼타임 뉴스' 머니투데이, 무단전재 및 재배포 금지>	"	https://news.naver.com/main/read.nhn?mode=LSD&mid=sec&sid1=101&oid=008&aid=0004536104	2021-02-01
삼성생명	삼성생명, 지난해 순이익 1조3705억 원…30.3% 증가	"삼성생명이 지난해 1조3705억 원의 당기순이익을 기록했다고 29일 공시했다
 /더팩트 DB주당 2500원 현금배당 결정[더팩트│황원영 기자] 삼성생명은 지난해 당기순이익이 전년 대비 30.3% 증가한 1조3705억 원을 기록했다고 29일 공시했다
 연간 매출은 34조5343억 원으로 전년 동기대비 8.6% 증가했다삼성생명은 보장성 신계약 성장 등에 따른 보험손익 증가와 주가지수상승 등으로 이차손익이 개선됐다고 설명했다"	"삼성생명이 지난해 1조3705억 원의 당기순이익을 기록했다고 29일 공시했다

 /더팩트 DB주당 2500원 현금배당 결정[더팩트│황원영 기자] 삼성생명은 지난해 당기순이익이 전년 대비 30.3% 증가한 1조3705억 원을 기록했다고 29일 공시했다
영업이익은 1조7900억 원으로 전년(1조2525억 원) 대비 42.9% 증가했다
 연간 매출은 34조5343억 원으로 전년 동기대비 8.6% 증가했다삼성생명은 보장성 신계약 성장 등에 따른 보험손익 증가와 주가지수상승 등으로 이차손익이 개선됐다고 설명했다
이날 삼성생명은 보통주 1주당 2500원의 현금 결산배당을 결정했다
 배당금 총액은 4489억 원이다
wont@tf
co
kr - BTS 공연 비하인드 사진 얻는 방법? [팬버십 가입하기▶]   - 내 아이돌 순위는 내가 정한다! [팬앤스타 투표하기] 저작권자 ⓒ 특종에 강한 더팩트 & tf
co
kr 무단 전재 및 재배포 금지	"	https://news.naver.com/main/read.nhn?mode=LSD&mid=sec&sid1=101&oid=629&aid=0000065523	2021-02-01
생명보험	미래에셋생명, 출산여성 암보험료 할인 특약 배타적사용권	"   심의위원회는 출산이 난소암, 유방암의 위험 발생요소인 여성호르몬 분비량에 영향을 미치는 특성을 활용, 다자녀 출산 피보험자에게 보험료 할인서비스를 제공하는 것에 대한 독창성과 진보성을 인정했다
   미래에셋생명은 유방암, 난소암 발생률은 여성호르몬과 밀접한 관계가 있는데, 임신 경험 여부에 따라 유방암 등 여성암의 상대위험도가 차이가 있다는 것에서 착안해 이 특약을 개발했다
   1월31일 보험업계에 따르면 생명보험협회 신상품심의위원회는 최근 미래에셋생명의 다자녀 출산여성 특정 암보험료 할인특약에 배타적사용권 3개월을 부여했다"	"		  출산 여성에 한해 보험료를 할인해주는 암보험 특약 상품이 배타적사용권을 획득했다
   1월31일 보험업계에 따르면 생명보험협회 신상품심의위원회는 최근 미래에셋생명의 다자녀 출산여성 특정 암보험료 할인특약에 배타적사용권 3개월을 부여했다
 생보업계에서는 올해 첫 배타적사용권 획득이다
   심의위원회는 출산이 난소암, 유방암의 위험 발생요소인 여성호르몬 분비량에 영향을 미치는 특성을 활용, 다자녀 출산 피보험자에게 보험료 할인서비스를 제공하는 것에 대한 독창성과 진보성을 인정했다
   미래에셋생명은 유방암, 난소암 발생률은 여성호르몬과 밀접한 관계가 있는데, 임신 경험 여부에 따라 유방암 등 여성암의 상대위험도가 차이가 있다는 것에서 착안해 이 특약을 개발했다
   이를 위해 지난 2019년 의료기기 업체와 제휴를 맺고 유방암 전문 보험상품 공동개발 추진을 시작으로 △출산, 모유수유 연계 유방암 위험률 개발 △출산 연계 난소암 위험률 개발 등 2년의 개발기간을 통해 이번 특약을 선보이게 됐다고 설명했다
   유방암, 난소암 위험요소 중 여성 호르몬을 발굴, 출산 여성으로 보험화하고, 출산 자녀수에 따라 위험률을 차등화해, 보험료 할인 등을 적용토록 한 것이다
   미래에셋생명에 따르면 암보험 상품에 출산 자녀 할인을 적용할 경우 암보험의 보험료가 1.5~2% 수준으로 줄어들 것으로 예측했다
   특히 이번 다자녀 출산여성 암보험료 할인특약은 미래에셋생명의 기존 할인 특약과 시너지가 기대되고 있다
 이번 출산자녀 할인에 자궁경부암 백신 할인, 비흡연 할인까지 더해지면 약 10%의 보험료 할인 효과가 있을 것으로 회사측은 보고 있다
 미래에셋생명은 관련 특약상품을 이르면 3월 중으로 선보인다는 계획이다
  hsk@fnnews
com 홍석근 기자 ▶ 헉! 소리나는 스!토리 뉴스 [헉스]▶ '아는 척'하고 싶은 당신을 위한 [두유노우]▶ 날로먹고 구워먹는 금융이슈 [파인애플]  ※ 저작권자 ⓒ 파이낸셜뉴스
 무단 전재-재배포 금지	"	https://news.naver.com/main/read.nhn?mode=LSD&mid=sec&sid1=101&oid=014&aid=0004575531	2021-02-01
생명보험	라이나생명, ‘THE간편한건강보험’ 가입자 증가	" 겨울철 심뇌혈관 질환 우려가 커진 가운데 뇌졸중 전문재활치료와 같은 새로운 보장이 추가되면서 해당 상품에 대한 관심이 커진 것으로 보인다
 서구화된 식습관과 음주, 스트레스 등으로 젊은 고혈압·당뇨병 유병자가 증가하면서 심뇌혈관계 질환에 대비하기 위한 활동들이 보험 가입으로 이어진 것으로 보인다
 사진=라이나생명보험 제공라이나생명보험이 심뇌혈관 질환을 보장하는 '(무)THE간편한건강보험(갱신형)' 가입자가 전 연령대에서 크게 늘었다고 29일 밝혔다"	"◆…라이나생명보험이 (무)THE간편한건강보험(갱신형) 가입자가 늘었다고 밝혔다
 사진=라이나생명보험 제공라이나생명보험이 심뇌혈관 질환을 보장하는 '(무)THE간편한건강보험(갱신형)' 가입자가 전 연령대에서 크게 늘었다고 29일 밝혔다
 라이나생명은 고혈압·당뇨병·이상지질혈증 등 만성질환이 있어도 간편 심사를 통해 간단하게 가입할 수 있고 월 3만원 내외의 보험료로 심뇌혈관 질환 관련 보장을 받을 수 있다는 점을 인기 요인으로 분석했다
(무)THE간편한건강보험(갱신형)은 뇌출혈 진단 또는 급성심근경색 진단을 받았을 때 최대 3000만원을 보장하는 상품이다
 특약 가입을 통해 뇌졸중 진단, 뇌혈관질환 진단, 허혈성심장질환 진단 등 심뇌혈관질환과 관련된 보장을 강화할 수 있다
이 상품은 지난해 12월 (무)THE간편한뇌졸중급여전문재활치료특약(갱신형)을 선보인 이후 가입자가 직전 3개월 평균 대비 두 배 이상 증가했다
 겨울철 심뇌혈관 질환 우려가 커진 가운데 뇌졸중 전문재활치료와 같은 새로운 보장이 추가되면서 해당 상품에 대한 관심이 커진 것으로 보인다
 (무)THE간편한뇌졸중급여전문재활치료특약(갱신형)은 뇌졸중 발병 후 전문재활치료를 보장하는 특약이다
 뇌졸중 진단을 받고 전문재활치료에 들어갈 경우 5년 동안 매년 최대 500만원을 보장해 전문재활치료에만 집중할 수 있도록 했다
특약 출시 이후 40~50대 가입자수가 늘어난 것으로 분석됐다
 지난해 12월 40대 가입자 수는 직전 3개월 월평균 가입자 대비 3.8배, 50대 가입자 수는 3.4배 늘었다
 서구화된 식습관과 음주, 스트레스 등으로 젊은 고혈압·당뇨병 유병자가 증가하면서 심뇌혈관계 질환에 대비하기 위한 활동들이 보험 가입으로 이어진 것으로 보인다
김태경 라이나생명보험 TM상품팀 과장은 “뇌졸중 은 전문재활치료를 통해 발병 전과 가깝게 신체기능을 개선할 수 있다는 국내외 연구자료로부터 아이디어를 얻었다”며 “”라이나생명은 고객의 생애주기에 맞춰 빈틈없는 보장이 이루어지도록 새로운 급부를 개발하는데 앞장 설 것”이라고 말했다
▶ 조세일보 홈페이지 / 정회원 가입▶ 조세일보 네이버 뉴스스탠드 구독(종합/경제)이민재(myfinkl@joseilbo
com)저작권자 ⓒ 조세일보(http://www
joseilbo
com)
 무단전재 및 재배포 금지	"	https://news.naver.com/main/read.nhn?mode=LSD&mid=sec&sid1=004&oid=123&aid=0002239312	2021-02-01
생명보험	겨울철 심뇌혈관계 질환 불안 ↑··· 라이나생명 'THE간편한건강보험' 가입...	"   라이나생명보험은 심뇌혈관 질환을 보장하는 '(무)THE간편한건강보험(갱신형)' 가입자가 전 연령대에서 크게 늘었다고 30일 밝혔다
 겨울철 심뇌혈관 질환 우려가 커진 가운데 뇌졸중 전문재활치료와 같은 새로운 보장이 추가되면서 해당 상품에 대한 관심이 커진 것으로 보인다
 서구화된 식습관과 음주, 스트레스 등으로 젊은 고혈압·당뇨병 유병자가 증가하면서 심뇌혈관계 질환에 대비하기 위한 활동들이 보험 가입으로 이어진 것으로 보인다"	"  [파이낸셜뉴스] 겨울철 심뇌혈관계 질환에 대한 불안감이 높아지면서 관련 보험 가입자가 늘고 있다
   라이나생명보험은 심뇌혈관 질환을 보장하는 '(무)THE간편한건강보험(갱신형)' 가입자가 전 연령대에서 크게 늘었다고 30일 밝혔다
   고혈압·당뇨병·이상지질혈증 등 만성질환이 있어도 간편 심사를 통해 간단하게 가입할 수 있고, 월 3만원 내외의 보험료로 심뇌혈관 질환 관련 보장을 받을 수 있다는 점이 인기 요인으로 분석된다
   (무)THE간편한건강보험(갱신형)은 뇌출혈 진단 또는 급성심근경색 진단을 받았을 때 최대 3000만원을 보장하는 상품이다
 특약 가입을 통해 뇌졸중 진단, 뇌혈관질환 진단, 허혈성심장질환 진단 등 심뇌혈관질환과 관련된 보장을 강화할 수 있다
 이 상품은 지난해 12월 (무)THE간편한뇌졸중급여전문재활치료특약(갱신형)을 선보인 이후 가입자가 직전 3개월 평균 대비 두 배 이상 증가했다
 겨울철 심뇌혈관 질환 우려가 커진 가운데 뇌졸중 전문재활치료와 같은 새로운 보장이 추가되면서 해당 상품에 대한 관심이 커진 것으로 보인다
   (무)THE간편한뇌졸중급여전문재활치료특약(갱신형)은 뇌졸중 발병 후 전문재활치료를 보장하는 특약이다
 뇌졸중 진단을 받고 전문재활치료에 들어갈 경우 5년 동안 매년 최대 500만원을 보장해 전문재활치료에만 집중할 수 있도록 했다
   특약 출시 이후 특히 40~50대 가입자수가 급증했다
 지난해 12월 40대 가입자수는 직전 3개월 월 평균 가입자 대비 3.8배, 50대 가입자 수는 3.4배 가량 늘었다
 서구화된 식습관과 음주, 스트레스 등으로 젊은 고혈압·당뇨병 유병자가 증가하면서 심뇌혈관계 질환에 대비하기 위한 활동들이 보험 가입으로 이어진 것으로 보인다
   김태경 라이나생명보험 TM상품팀 과장은 ""뇌졸중 은 전문재활치료를 통해 발병 전과 가깝게 신체기능을 개선할 수 있다는 국내외 연구자료로부터 아이디어를 얻었다""며 ""라이나생명은 고객의 생애주기에 맞춰 빈틈없는 보장이 이루어지도록 새로운 급부를 개발하는데 앞장 설 것""이라고 말했다
    hsk@fnnews
com 홍석근 기자   ▶ 헉! 소리나는 스!토리 뉴스 [헉스]▶ '아는 척'하고 싶은 당신을 위한 [두유노우]▶ 날로먹고 구워먹는 금융이슈 [파인애플]  ※ 저작권자 ⓒ 파이낸셜뉴스
 무단 전재-재배포 금지	"	https://news.naver.com/main/read.nhn?mode=LSD&mid=sec&sid1=101&oid=014&aid=0004575132	2021-02-01
생보사	증시 훈풍에 변액보험 '승승장구'…작년 초회보험료 3조	" 기준금리 0%대 시대를 맞아 수익률이 높은 변액보험의 인기는 날로 높아지고 있다
 초회보험료는 고객이 보험에 가입한 뒤 처음 낸 보험료로 보험사의 성장성을 가늠하는 지표 중 하나다
jdm@news1.kr▶ 네이버 메인에서 [뉴스1] 구독하기!▶  뉴스1&BBC; 한글 뉴스 ▶  터닝포인트 2021 © 뉴스1코리아(news1.kr), 무단 전재 및 재배포 금지	"	"작년 1~11월 생보사 누적 변액보험 초회보험료 전년比 67% 증가 2.7조© News1 DB(서울=뉴스1) 장도민 기자 = 지난해부터 이어진 국내 증시 활황과 초저금리 기조로 생명보험사들의 변액보험에 돈이 몰리면서 지난해 초회보험료가 3조원에 육박한 것으로 나타났다
변액보험은 보험료 일부를 주식·채권 등 펀드에 투자해 운용실적에 따라 보험금과 해약환급금이 결정되는 실적 배당형 상품을 말한다
 초회보험료는 고객이 보험에 가입한 뒤 처음 낸 보험료로 보험사의 성장성을 가늠하는 지표 중 하나다
31일 생명보험협회에 따르면 지난해 1월부터 11월까지 국내 생명보험사들의 누적 변액보험 초회보험료는 2조7306억원으로 집계됐다
 지난 2019년 같은기간 1조6378억원보다 66.7%(1조928억원) 증가한 규모다
 지난해 10월까지 누적 변액보험료 초회보험료가 2조4000억원 수준이었던 만큼 생보업계에선 지난해 3조원을 넘어섰을 것으로 추정한다
 국내 생보사들의 변액보험료 초회보험료가 2017년 연간 1조9563억원, 2018년 1조7860억원, 2019년 1조8163억원에 불과했던 점을 고려하면 두배에 가까운 수준이다
 대다수의 변액보험은 만기까지 계약을 유지하면 별도의 사업비를 떼지 않기 때문에 사실상 원금도 보장되는 경우가 많다
 기준금리 0%대 시대를 맞아 수익률이 높은 변액보험의 인기는 날로 높아지고 있다
 코스피 지수가 전인미답의 3200선을 돌파하는 등 증시가 활황인 점도 변액보험의 매력도를 높이는 주된 요인이다
 변액연금보험 등 저축성보험은 계약 후 10년 이상 유지하고 5년 이상 납입(월납 150만원 이하 적립식)한 경우 이자소득이 비과세된다는 것도 장점이다
생보사 관계자는 ""코스피 지수가 3000을 넘기 전부터 변액보험 가입 문의가 많은 상황이었는데, 이후에는 더 많다""며 ""다만 단기 투자처로 생각하는 등 상품을 잘못 이해하고 문의하는 이들도 많아서 주의가 필요한 상황""이라고 말했다
주요 은행들이 대규모 펀드 환매 중단 사태 이후 수수료 수익이 줄자 대안으로 변액보험을 적극 판매하고 있는 점도 긍정적인 요인이다
 금융당국의 펀드 규제에서 벗어나 있는 보험 상품이면서 고객들에게 수익률을 강조할 수 있는 상품이다보니 수수료 수익 회복이 절실한 은행 입장에선 매력적인 상품 중 하나로 꼽힌다
 시중은행 관계자는 ""사모펀드 사태가 연이어 터지면서 펀드를 판매하기 조심스러운데, 주가도 꾸준히 상승해왔기 때문에 변액보험은 그래도 자신있게 판매하는 상품 중 하나""라고 말했다
jdm@news1.kr▶ 네이버 메인에서 [뉴스1] 구독하기!▶  뉴스1&BBC; 한글 뉴스 ▶  터닝포인트 2021 © 뉴스1코리아(news1.kr), 무단 전재 및 재배포 금지	"	https://news.naver.com/main/read.nhn?mode=LSD&mid=sec&sid1=101&oid=421&aid=0005137415	2021-02-01
금융위원회	[인사]금융위원회	"		◆금융위원회 ◇과장급 전보 △혁신기획재정담당관 진선영 △감사담당관 강석민▶ 네이버 홈에서 [전자신문] 구독하기▶ 전자신문 바로가기 [Copyright ⓒ 전자신문 & 전자신문인터넷, 무단전재 및 재배포 금지]"	"		◆금융위원회 ◇과장급 전보 △혁신기획재정담당관 진선영 △감사담당관 강석민▶ 네이버 홈에서 [전자신문] 구독하기▶ 전자신문 바로가기 [Copyright ⓒ 전자신문 & 전자신문인터넷, 무단전재 및 재배포 금지]"	https://news.naver.com/main/read.nhn?mode=LSD&mid=sec&sid1=105&oid=030&aid=0002926007	2021-02-01
실손보험	보험사도 ‘배당 자제령’…금융당국, '주주권한 침해' 논란	" 하지만 정부의 배당 삭감 권고와 여권의 이익공유제 참여 압박에 주주들은 크게 반발하고 있다
 보험업계의 지난해 실적 개선은 저축성보험 중심으로 보험금이 늘어났고 코로나19로 국민들이 외부활동을 줄이면서 자동차보험과 실손의료보험의 손해율이 하락했기 때문으로 분석된다
 31일 금융업계에 따르면 금융위원회가 지난 28일 은행권에 ‘순이익의 20% 이내 배당’을 권고한 데 이어 금융감독원은 보험사별 배당계획을 파악하고 있는 것으로 알려졌다"	"금감원, 보험사 배당계획 파악 중주주총회서 결정한 사항이지만금융사, 금융당국 무시 어려워 '난감'금융감독원 로고[이데일리DB][이데일리 이진철 김인경 기자] 금융당국의 ‘배당 자제령’이 은행에 이어 보험사 등 금융업계 전반으로 확산하고 있다
 일부 금융사들은 지난해 코로나19 사태 속에서도 수익성이 좋아져 배당 여력이 늘었다
 그동안 은행주를 비롯한 금융주들은 대표적인 고배당주로 꼽혀왔다
 하지만 정부의 배당 삭감 권고와 여권의 이익공유제 참여 압박에 주주들은 크게 반발하고 있다
 31일 금융업계에 따르면 금융위원회가 지난 28일 은행권에 ‘순이익의 20% 이내 배당’을 권고한 데 이어 금융감독원은 보험사별 배당계획을 파악하고 있는 것으로 알려졌다
 금융당국 관계자는 “금융지주에 20% 배당권고 이야기를 했기 때문에 보험업계도 방향을 맞춰야 한다는 공감대가 있다”고 말했다
 보험업계의 지난해 실적 개선은 저축성보험 중심으로 보험금이 늘어났고 코로나19로 국민들이 외부활동을 줄이면서 자동차보험과 실손의료보험의 손해율이 하락했기 때문으로 분석된다
 보험업계 관계자는 “이익 증가로 배당 여력이 늘더라도, 금융당국의 배당 자제 권고 등의 영향을 받으면서 전년과 비슷한 수준의 배당금 규모를 정할 것으로 보인다”고 말했다
 금융당국은 은행권에는 코로나19 사태로 향후 대출 연체 등 금융시스템 건전성이 우려되는 만큼 주주 배당을 줄여 재원을 충분히 확보하라고 주문하고 있다
 배당 권고안이 구두가 아닌 공식적으로 나온 건 이번이 처음이다
 금융권 관계자는 “최종적으로는 3월 주주총회에서 결정될 사안이지만 금융당국의 권고를 대놓고 무시할 수 있는 금융지주와 은행은 없을 것”이라고 말했다
 정부의 배당 축소 권고는 정치권에서 흘러나오는 금융사 이익공유제 참여 요구와 얽혀 주주들로부터 더 큰 반발을 사고 있다
 한 금융지주 관계자는 “정부의 배당 성향 20% 이내 권고와 이익공유 차원에서 서민금융기금 등에 기부 형태로 참여할 것인지를 묻는 전화가 많다”면서 “만일의 소송에 대비해 위법 소지가 있는지 검토에 들어간 곳도 있다”고 말했다
이진철 (cheol@edaily
co
kr)▶ #24시간 빠른 #미리보는 뉴스 #eNews+▶ 네이버에서 '이데일리 뉴스'를 만나보세요▶ 빡침해소, 청춘뉘우스 '스냅타임'＜ⓒ종합 경제정보 미디어 이데일리 - 무단전재 & 재배포 금지＞"	https://news.naver.com/main/read.nhn?mode=LSD&mid=sec&sid1=101&oid=018&aid=0004842076	2021-02-01
실손보험	법 안 바뀌니 실손보험 전산청구에 1000원 내는 소비자들	"31일 금융업권에 따르면 우리은행은 지난 22일부터 우리은행은 모바일뱅킹 앱 ‘WON뱅킹’에 실손보험 빠른청구 서비스를 탑재했다
 모바일 뱅킹 쏠에서 제공하는 20여개 라이프 플랫폼 서비스 중 이용률이 가장 높은 것으로 알려졌다
 국회에는 실손보험 청구 간소화 법안이 발의돼 있지만 의료계 반대로 번번이 통과되지 못하고 있다"	"우리·신한은행, 페이코 등 플랫폼서 서비스대형병원만 전산청구 가능일부 보험사 청구는 수수료 1000원 부담법 개정됐다면 무료 서비스[우리은행 제공][헤럴드경제=정경수 기자] 실손보험 전산청구에 대한 수요는 계속해서 늘고 있지만 법 미비로 유료 서비스까지 인기를 끌고 있는 것으로 나타났다
31일 금융업권에 따르면 우리은행은 지난 22일부터 우리은행은 모바일뱅킹 앱 ‘WON뱅킹’에 실손보험 빠른청구 서비스를 탑재했다
 우리은행 앱에서 진단서 등 종이서류가 없이도 삼성화재, 현대해상 등 31개 보험사에 보험금 청구가 가능한 장점이 있다
신한은행은 이미 지난해 2월 같은 서비스를 도입했다
 모바일 뱅킹 쏠에서 제공하는 20여개 라이프 플랫폼 서비스 중 이용률이 가장 높은 것으로 알려졌다
이 서비스를 제공하는 업체는 의료정보 전송 플랫폼 전문 회사 지앤넷이다
 병원과 업무협약(MOU)을 통해 전산으로 진단서류를 전달 받아 보험사에 전달한다
 은행 앱 외에도 페이코나 카카오톡 등 플랫폼에도 진출하는 등 빠른 속도로 실손보험 빠른청구 서비스를 확산시키고 있다
하지만 서비스에 한계는 있다
 세브란스병원, 성모병원 등 90여개 주요 대형병원을 이용한 경우에만 진단서, 영수증 등 별도의 종이서류를 발급받을 필요 없이 전산으로 보험금 청구가 가능하다
 나머지 동네 병원을 이용했다면 별도 증빙서류를 받아 스마트폰으로 촬영해 보험금을 신청해야 한다
 소형 병원은 대개 비급여 진료로 수익을 내고 있기 때문에 의료정보를 제3자에게 공유하는 것을 반대하고 있다
또 고객은 별도 수수료를 부담해야 하는 문제도 있다
 11개 보험사는 지앤넷에 건당 수수료를 내서 고객이 별도 비용을 부담하지 않아도 되지만 나머지 보험사에 보험금을 청구할 때는 소비자가 1000원을 내야 한다
 지앤넷의 자체 앱인 ‘실손보험 빠른청구’에선 수수료 500원이다
 인건비, 팩스 전송비 등 비용이 발생하기 때문이다
법이 통과됐다면 무료로 이용할 수 있는 서비스다
 국회에는 실손보험 청구 간소화 법안이 발의돼 있지만 의료계 반대로 번번이 통과되지 못하고 있다
 의료계는 건강보험심사평가원이 실손보험 데이터를 들여다보거나 건강보험 대상이 아닌 비급여 의료행위까지 심사할 가능성을 우려한다
 어디 병원이 비급여 항목을 과다하게 진료하고, 높은 진료비를 환자에게 청구하는지 드러날까 걱정도 한다
이에 비해 대형병원과 보험사는 법안에 찬성한다
 지난 2018년 기준 연간 9000만건에 이르는 실손보험 청구 중 76%가 팩스, 보험설계사, 방문 등을 통해 종이 서류를 작성해 이뤄지고 있다
 종이를 발급하는 병원이나 종이 서류를 다시 전산에 입력해야 하는 보험사는 상당한 비용을 부담해야 하는 셈이다
kwater@heraldcorp
com▶환경적 대화기구 '헤럴드에코'▶밀리터리 전문 콘텐츠 ‘헤밀’▶헤럴드경제 네이버 채널 구독- Copyrights ⓒ 헤럴드경제 & heraldbiz
com, 무단 전재 및 재배포 금지 -	"	https://news.naver.com/main/read.nhn?mode=LSD&mid=sec&sid1=101&oid=016&aid=0001787170	2021-02-01
실손보험	광진구민 생활안전보험 오늘부터 혜택	"광진구 생활안전보험은 지역에 주민등록을 둔 주민이면 누구나 자동으로 가입된다
보장내용은 피해자의 과실 유무를 불문하고 상해로 발생한 장례·응급비용, 치료, 수술, 엑스선 검사, 치과 치료, 입원 등에 대한 의료비용이다
지역민 자동 가입… 사고 3년 이내 청구과실 상관없이 1인 최대 200만원 보상김선갑 광진구청장서울 광진구가 예기치 못한 각종 안전사고로부터 피해를 입은 구민에게 생활안정과 피해보상을 위한 제도적 장치를 마련하기 위해 구민생활안전보험에 가입했다고 31일 밝혔다"	"지역민 자동 가입… 사고 3년 이내 청구과실 상관없이 1인 최대 200만원 보상김선갑 광진구청장서울 광진구가 예기치 못한 각종 안전사고로부터 피해를 입은 구민에게 생활안정과 피해보상을 위한 제도적 장치를 마련하기 위해 구민생활안전보험에 가입했다고 31일 밝혔다
구는 지난해부터 생활안전보험 시행을 위해 ‘구민생활안전보험 운영 조례’를 제정하고, 서울시 시민안전보험과 중복되지 않도록 검토해왔다
 대다수 자치구에서 시행하는 사망, 후유장애에 대한 위로금 형태의 정액형 보장이 아닌, 사고의료비를 보장해 구민 실생활에 더 도움이 될 수 있도록 했다
광진구 생활안전보험은 지역에 주민등록을 둔 주민이면 누구나 자동으로 가입된다
 1일부터 혜택을 받는다
 또한 개별적으로 가입한 실손의료보험과 중복 지급이 가능하다
 보험가입 기간 광진구에 살다 발생한 사고라면 발생일로부터 3년 내 청구할 수 있다
보장내용은 피해자의 과실 유무를 불문하고 상해로 발생한 장례·응급비용, 치료, 수술, 엑스선 검사, 치과 치료, 입원 등에 대한 의료비용이다
보장한도는 1인당 최대 200만원(청구당 3만원 공제) 내에서 보상한다
 다만 질병으로 인한 의료비, 교통사고, 산업재해, 자전거 및 개인형 이동장치에 의한 사고, 기타 배상책임보험과 국가지원금을 통한 보상처리 가능 사고는 보상 대상에서 제외된다
김선갑 광진구청장은 “우리 구는 올해 ‘더 안전하고, 더 건강한 광진’을 만들기 위해 다양한 구민 체감형 사업을 추진한다”면서 “이를 위해 구민들이 각종 안전사고 발생 시, 실생활에 도움이 될 수 있도록 사고의료비를 지원하는 구민생활안전보험을 추진하기로 했다”고 말했다
황비웅 기자 stylist@seoul
co
kr▶ 네이버에서 서울신문 구독하기 클릭! ▶ 세상에 이런 일이 ▶ [연예계 뒷얘기] 클릭!ⓒ 서울신문(www
seoul
co
kr), 무단전재 및 재배포금지	"	https://news.naver.com/main/read.nhn?mode=LSD&mid=sec&sid1=102&oid=081&aid=0003160325	2021-02-01
실손보험	"""코 성형 잘못했다간 보험사기 공범 된다?"""	" 이는 '보험사기'에 해당하지만 보험 가입자들은 병원 측 말만 듣고 수술을 진행해 사실상 보험사기 '공범'이 되고 있다
 최근 성형수술 수요가 높아지면서 실손보험을 이용해 쌍꺼풀이나 코 수술 등을 하는 사례가 꾸준히 늘고 있다
 문제는 이렇게 보험사를 속여 실손보험을 타내는 것이 '보험사기'에 해당된다는 점이다"	"[사진 출처 = 연합뉴스] # 직장인 이 모씨(27)는 최근 친구가 실손의료보험 보장을 받아 코 수술을 100만원에 했다는 소식을 듣고 성형외과 한 곳을 추천받았다
 병원에서 알아서 '비염 수술'로 꾸며 300만~400만원에 이르는 코 수술을 100만원에 받도록 처리해준다는 것이다
 이씨는 ""조만간 병원에 상담하러 가려고 고민하고 있다""고 말했다
 최근 성형수술 수요가 높아지면서 실손보험을 이용해 쌍꺼풀이나 코 수술 등을 하는 사례가 꾸준히 늘고 있다
 예뻐지려는 성형수술을 '치료' 목적으로 꾸며 보험사에 보험금을 청구하면서다
 이는 '보험사기'에 해당하지만 보험 가입자들은 병원 측 말만 듣고 수술을 진행해 사실상 보험사기 '공범'이 되고 있다
 실손보험은 성형수술이라면 수술비를 보장해주지 않지만 치료 목적 수술은 보험금을 준다
 예컨대 미용이 목적인 쌍꺼풀 수술은 보장받을 수 없지만, 안검하수(눈꺼풀 처짐증)나 안검내반(속눈썹 눈 찌름)으로 쌍꺼풀 수술을 한다면 보장받는 식이다
 코 성형수술을 비염 수술로 둔갑시켜 실손보험을 청구할 수도 있다
 실제 온라인 성형 커뮤니티에서는 실손보험 청구가 가능한 병원을 공유하는 글이 상당수다
 문제는 이렇게 보험사를 속여 실손보험을 타내는 것이 '보험사기'에 해당된다는 점이다
 최근 금융감독원은 인터넷에 보험사기를 조장하는 게시물이 잇따르자 소비자 경보(주의)를 발령하기도 했다
 금감원 관계자는 ""인터넷에 검색되는 내용인데 괜찮겠지라는 안이한 생각이 자신을 범죄자로 만들 수 있다""고 했다
 [이새하 기자]▶ 네이버 메인에서 '매일경제'를 받아보세요▶ 궁금한 제조과정 영상으로 보세요
 '이렇게 만들죠'▶ 아파트 살까 청약할까
 여기서 확인하세요
 '매부리tv'[ⓒ 매일경제 & mk
co
kr, 무단전재 및 재배포 금지]	"	https://news.naver.com/main/read.nhn?mode=LSD&mid=sec&sid1=101&oid=009&aid=0004741911	2021-02-01
실손보험	백내장 수술하면서 시력교정, 실손보험 안된다고?	"이 같은 일이 생긴 것은 일부 안과에서 백내장이 없거나 초기 환자인 경우에도 수술비가 비싼 다초점렌즈삽입술을 권하는 사례가 늘면서 과잉 진료의 문제가 발생했기 때문이다
 백내장은 눈 속 수정체가 노화나 질병 등으로 혼탁해져 시력이 떨어지고 사물이 뿌옇게 보이는 질병이다
 백내장이 생긴 수정체를 레이저로 없앤 후 인공수정체(렌즈)를 넣어 시력을 교정하는 방법이다"	"		[머니투데이 전혜영 기자] [편집자주] '보험, 아는만큼 요긴하다'(보아요)는 머니투데이가 국내 보험 전문가들의 도움을 받아 다양한 보험 정보와 상식을 알려드리는 코너입니다
 알수록 힘이 되는 요긴한 보험이야기, 함께 하시죠
[[전기자와 보아요]] # 60대 김진철씨(가명)는 얼마 전 운전을 하다 눈앞이 갑자기 흐려지는 순간을 경험했다
 처음에는 일시적인 현상으로 여기고 대수롭지 않게 지나쳤는데 그 후로도 시야가 뿌옇게 되는 증상이 반복됐다
 안과에 간 김씨는 검진 결과 백내장 진단을 받았고, 의사는 백내장 수술과 함께 노안 교정을 위한 다초점렌즈삽입술을 권했다
 은퇴 후 이렇다 할 수입이 없던 김씨는 만만치 않은 수술비용이 고민됐다
 백내장은 눈 속 수정체가 노화나 질병 등으로 혼탁해져 시력이 떨어지고 사물이 뿌옇게 보이는 질병이다
 대표적인 노인성 질환인데 최근에는 40~50대의 발병률도 높아지고 있다
 백내장을 초기에 발견하면 약물치료를 통해 진행속도를 늦출 수 있지만 김씨처럼 이미 어느 정도 진행된 후에 발견했다면 전문의와 상담 후 수술을 받는 편이 좋다
 백내장 수술방법 중 가장 대중적인 것은 렌즈삽입술이다
 백내장이 생긴 수정체를 레이저로 없앤 후 인공수정체(렌즈)를 넣어 시력을 교정하는 방법이다
 환자의 상태에 따라 ‘단초점렌즈삽입술’이나 ‘다초점렌즈삽입술’을 시행한다
2016년 1월 전에는 실손의료보험(실손보험)이 있다면 단초점렌즈삽입술과 다초점렌즈삽입술 모두 보험금을 받을 수 있었다
 하지만 금융감독원은 2016년 1월 실손보험 표준약관을 개정하면서 ‘국민건강보험 요양급여 대상 수술방법 또는 치료재료가 사용되지 않은 부분은 시력교정술로 본다’고 명시했다
다초점렌즈삽입술을 안경이나 콘택트렌즈를 대체하는 시력교정술로 규정해 다초점렌즈를 실손보험 보장 대상에서 제외한 것이다
이 같은 일이 생긴 것은 일부 안과에서 백내장이 없거나 초기 환자인 경우에도 수술비가 비싼 다초점렌즈삽입술을 권하는 사례가 늘면서 과잉 진료의 문제가 발생했기 때문이다
 단초점렌즈삽입술은 포괄수가제가 적용돼 비용이 저렴한 반면 다초점렌즈삽입술은 건강보험이 보장하지 않는 비급여 항목에 해당돼 상대적으로 비싸다
   일부 병원들은 실손보험 가입 여부를 확인한 후 수술이 필요하지 않은 환자에게도 다초점렌즈삽입술을 무리하게 시행해왔다
 단초점렌즈삽입술은 렌즈의 종류에 따라 60만~70만원인데 다초점렌즈삽입술은 500만~800만원 정도의 수술비용이 발생한다
 이 때문에 2019년 백내장 관련 실손보험 지급보험금은 4476억원으로 전년(2591억원)에 비해 80.9% 증가했다
 2016년 779억원에 불과하던 보험금이 3년새 6배 가까이 늘어난 것이다
결론적으로 김씨의 경우 실손보험이 있고 2016년 1월 이전에 가입했다면 다초점렌즈삽입술과 단초점렌즈삽입술 모두 보장 받을 수 있다
 하지만 2016년 1월 이후에 실손보험을 가입했거나 실손보험이 없다면 다초점렌즈삽입술은 보장 받을 수 없다
 참고로 백내장 수술은 수술 시간이 15분 정도로 짧고, 대부분 3~4시간 정도 병원에 머물다 당일에 퇴원하기 때문에 입원 치료를 받았다고 생각하지 않기 쉽다
 하지만 6시간 이상 입원실에 체류하면서 의료진의 관찰과 관리를 받았다면 통원이 아니라 입원에 해당한다
실손보험의 입원과 통원의 보상 한도는 차이가 크다
 통원은 일 최대 30만원, 입원은 일년에 5000만원까지 보상을 받을 수 있다
교보생명 관계자는 ""백내장 수술은 수술법과 실손보험 보장 범위 등이 다르므로전문의의 도움을 받아 신중하게 결정한 후 진행해야 한다""고 말했다
전혜영 기자 mfuture@mt
co
kr▶부동산 투자는 [부릿지]▶조 변호사의 가정상담소▶줄리아 투자노트 <저작권자 ⓒ '돈이 보이는 리얼타임 뉴스' 머니투데이, 무단전재 및 재배포 금지>	"	https://news.naver.com/main/read.nhn?mode=LSD&mid=sec&sid1=101&oid=008&aid=0004536470	2021-02-01
손보사	코로나에도 지난해 보험사 실적 개선, 손보사 중심 이익 증가	"보헙업계는 지난해 주요 보험사의 실적 확대 배경으로 자동차보험 손해 감소와 은행의 저축성 보험(방카슈랑스) 판매 성장 등을 꼽고 있다
 보장성 신성장 계약 등에 따른 보험손익 증가와 주가지수상승 등의 영향으로 이차손익이 개선된 것이 실적 확대를 이끌었다
 코로나19의 영향으로 비대면 문화 확대됨에 따라 자동차 운행량과 사고가 크게 줄어들면서 자동차보험 손해율이 개선됐고, 병원 방문 감소로 인한 보험 청구가 줄었다는 설명이다"	"		지난해 코로나19 대유행으로 국내경제가 역성장했지만, 보험사의 실적은 큰 폭으로 개선됐다
 1분기 주춤했지만 2분기 이후 상승세를 보이며 3분기 어닝서프라이즈를 기록했고, 4분기도 견조한 실적을 유지했다
 코로나19 감염 우려 등으로 의료 이용은 줄고, 보장성 보험의 판매량이 증가했기 때문이다
 최근 보험업계에 따르면 지난해 손해보험사를 중심으로 이익이 대폭 증가했다
 삼성화재의 지난해 연결기준 매출액은 24조499억원, 영업이익은 1조444억원이다
 전년 대비 각각 5%, 20.6% 올랐다
 당기순이익도 7573억원으로 전년 대비 17.3% 확대됐다
 삼성화재는 ""보험영업이익 증가로 전체적 영업이익이 증가했다""고 밝혔다
   한화손해보험은 지난해 연결기준 매출액은 6조53억원, 영업이익은 703억3251만원을 기록했다
 매출은 전년(5조9647억) 대비 0.7%가 늘었지만, 영업이익은 -940억원8844만원에서 흑자전환 했다
 당기순이익 역시 482억5011만원으로 전년(-690억7385만원) 대비 큰 폭으로 증가했다
 보험 영업이익(위험 손해율 및 사업비) 개선과 투자 영업수익의 증가로 수익성이 개선됐다는 게 한화손해보험의 설명이다
 아직 실적공개 전이지만 현대해상, DB손해보험, KB손해보험, 메리츠화재 등도 2019년보다 훨씬 나은 실적을 보고할 것으로 업계는 전망하고 있다
 대부분 손보사는 실적개선에 따른 성과급 지급을 준비 중인 것으로 알려졌다
 생명보험업계의 상황도 비슷하다
 대형보험사를 중심으로 예상을 웃도는 실적을 기록한 것으로 나타났다
 삼성생명은 지난달 29일 지난해 연결 기준 매출액 34조5343억원, 영업이익은 1조7900억원으로 잠정 집계됐다고 공시했다
 각각 8.6%, 42.9%가 증가한 수치다
 당기순이익은 1조2658억으로 전년(9770억원) 대비 30%가 늘었다
 보장성 신성장 계약 등에 따른 보험손익 증가와 주가지수상승 등의 영향으로 이차손익이 개선된 것이 실적 확대를 이끌었다
 한화생명의 영업이익과 당기순이익은 세자리수 증가율을 보였다
 지난해 연결 기준 매출액은 전년 대비 4.89% 증가한 26조2230억원을 기록했지만 영업이익과 당기순이익은 각각 3784억원, 2427억원으로 666.1%, 313.7%가 늘었다
 자산총계는 6조9000억원 늘어난 148조7000억원으로 집계됐다
 한화생명은 ""코로나19로 어려운 영업 환경에도 보험이익이 증가하고 운용자산이익률이 개선됐으며, 한화손해보험 등 연결 자회사의 이익 증가로 수익성이 크게 향상됐다""고 분석했다
보헙업계는 지난해 주요 보험사의 실적 확대 배경으로 자동차보험 손해 감소와 은행의 저축성 보험(방카슈랑스) 판매 성장 등을 꼽고 있다
 코로나19의 영향으로 비대면 문화 확대됨에 따라 자동차 운행량과 사고가 크게 줄어들면서 자동차보험 손해율이 개선됐고, 병원 방문 감소로 인한 보험 청구가 줄었다는 설명이다
 특히 건강 관련 위기의식은 보장성 보험에 대한 관심으로 이어졌다
 다만 보험업계 일각에선 지난해 호실적에 의미를 부여할 필요는 없다는 의견도 나온다
 대형 보험사의 성장세와 달리 중소 생명보험사의 이익이 감소세를 보이고 있다는 게 이유다
 단순 보험영업손실 개선이 아닌 투자영업이익은 확대 중심의 실적 개선이 이뤄지지 않는다면 장기 수익성과 재무건전성의 동반 우려 가능성을 배제할 수 없다는 게 이유다
 지난해 자동차보험 보험료 인상과 사고 감소로 손해보험업계는 대체로 이익이 개선됐지만, 중소 생명보험사는 이익이 두 자릿수 감소하기도 하는 등 회사에 따라 편차를 보이기도 했다
 보험업계 관계자는 ""코로나19가 당분간 지속될 것으로 예상되는 만큼 디지털 혁신 등을 통한 체질개선과 다양한 보험 상품 개발이 업계의 지속적인 성장세 유지의 주요 관건이 될 것으로 예상하고 있다""고 전했다
 김세형 기자 fax123@sportschosun
com▶2021 신축년(辛丑年) 신년 운세 보러가기- Copyrightsⓒ 스포츠조선(http://sports
chosun
com/), 무단 전재 및 재배포 금지	"	https://news.naver.com/main/read.nhn?mode=LSD&mid=sec&sid1=101&oid=076&aid=0003687375	2021-02-01
손보사	"[CEO 초대석] 류영준 카카오페이 대표 ""출범 5년, 거래금액 100조원 간다"""	" 올 하반기 출범을 목표로 예비인가 승인·법인 설립·본허가 승인 등 절차를 밟게 된다
 금융감독원에 따르면 2019년 매출이 1410억원을 기록해 전년 동기(695억원) 대비 102.9% 증가했고 같은 기간 당기순손실이 625억원으로 934억원보다 33.1% 감소했다
 미니금고는 당장 사용하지 않을 비상금이나 여윳돈을 별도 계좌로 분리해서 보관할 수 있는 서비스다"	"‘IPO 대어’ 카카오페이, 가입자 3500만명·누적거래 47조원 돌파류영준 카카오페이 대표/사진=장동규 기자“지난 5년간 카카오페이는 어렵고 복잡한 금융을 쉽고 편리하게 이용할 수 있는 금융 플랫폼으로 자리 잡았다
 그동안 쌓은 금융 노하우와 데이터를 기반으로 올해 누적 거래금액은 100조원을 달성할 것으로 기대한다
”류영준 카카오페이 대표는 올해 신축년을 카카오페이가 ‘금융 플랫폼을 완성하는 해’라고 강조했다
 류 대표가 강조하는 금융 플랫폼은 소비자가 일상생활에서 필요한 금융을 개인화·맞춤화된 최적의 솔루션으로 제공하는 것이다
2014년 카카오페이는 국내 첫 모바일 간편결제 서비스를 출시한 후 투자·보험·대출비교 등 금융서비스를 선뵀다
 이밖에 모바일 메신저를 기반으로 한 전자문서 인증서비스와 자산관리서비스를 출시해 고객의 이목을 사로잡았다
 지난해 9월 말 기준 카카오페이 누적 가입자 수는 3500만명을 넘어섰고 누적거래액은 47조원을 기록했다
 류 대표는 “국내에서 만 15세 이상 5명 중 4명은 카카오페이를 쓴다”며 “지불결제와 투자·보험·대출 등 자산관리 서비스를 출시해 금융 플랫폼을 완성했고 앞으로 사용자를 위한 다양한 금융혁신에 도전할 것”이라고 말했다
 ━‘보이스톡’ 개발자, 올해 주식 서비스 출시━류 대표는 컴퓨터공학 학사·정보통신학 석사 학위를 가지고 있는 개발자 출신이다
 카카오톡 음성채팅 ‘보이스톡’ 개발에 참여한 인물로 유명하다
 그는 2015년 다음카카오(카카오) 핀테크 총괄 부사장을 거쳐 2017년부터 카카오페이 대표이사를 맡고 있다
 개발자에서 핀테크 회사 대표가 된 류 대표의 ‘최애’(가장 아끼는) 금융서비스는 투자다
 카카오페이는 지난해 ‘바로투자증권’을 인수해 자회사 카카오페이증권을 설립했고 올해 안에 MTS(모바일 트레이딩시스템)를 출시할 계획이다
 카카오페이증권의 경영목표로 ‘플랫폼을 통한 새로운 투자문화를 만든다’를 내세웠다
 류 대표는 “기존 증권사가 금융 프로세스를 혁신했다면 카카오페이는 증권서비스와 상품을 혁신해 투자자의 금융거래 수고를 덜어주는 역할을 할 것”이라며 “금융을 잘 몰라도 조언을 받고 투자 타이밍을 잡을 수 있는 서비스를 출시하겠다”고 말했다
 류 대표가 생각하는 슬기로운 금융투자는 꾸준히 적립하는 투자방식이다
 매달 조금씩 투자해 종잣돈을 마련하고 경기 사이클에 맞춰 다른 자산에 배분하는 게 중요하다는 얘기다
 투자 경험이 부족한 투자자는 종잣돈 마련에 어려움을 겪을 수 있어 카카오페이는 동전 모으기 등 일상 속에서 소액으로 투자할 수 있는 서비스도 만들었다
 별도로 지난해 11월 카카오페이증권의 ‘미니금고’ 서비스를 출시해 단기 여유자금을 끌어모으고 계좌 늘리기도 병행했다
 미니금고는 당장 사용하지 않을 비상금이나 여윳돈을 별도 계좌로 분리해서 보관할 수 있는 서비스다
 미니금고에 보관된 돈은 필요할 때 언제든지 쉽게 입·출금 가능하며 하루만 보관해도 연 0.6%의 예탁금 이용료를 일주일 단위로 받을 수 있다
결제·송금·투자 등 다양한 서비스를 이용하면서 수시로 지출하게 되는 비용과 달리 목적은 없으나 곧 사용해야 하는 예비자금을 별도로 보관할 수 있어 효율적인 자산관리가 가능하다
 미니금고는 출시 2개월 만에 예수금 1100억원을 돌파했고 사용자 수는 30만명을 넘어섰다
 이 같은 서비스를 기반으로 카카오페이증권의 계좌 이용자 수는 300만명을 넘어섰다
 그는 “사용자에게 차별화된 경험을 주는 것이 중요하다
 결제 서비스에 남은 잔돈으로 펀드에 자동 투자하는 서비스를 만들었더니 한 달에 투자 800만건이 일어났다”며 “펀드 투자 경험을 쌓은 사용자가 주식으로 포트폴리오를 넓힐 수 있도록 MTS 구축에 만전을 기울일 것”이라고 말했다
 ━자산가치 10조원 IPO, 보험 진출 박차━ ‘IPO 대어’로 꼽히는 카카오페이는 올 상반기 기업공개(IPO)를 앞두고 있다
 현재 장외시장에서 거래되고 있지 않지만 금융투자업계에선 카카오페이의 기업가치를 7조~10조원으로 추산한다
 상장 주관사로 삼성증권과 골드만삭스를 선정했다
카카오페이는 IPO에 성공하면 조달 자금을 보험 등 신사업 확장에 사용할 계획이다
 카카오페이는 증권사를 인수한 데 이어 올해 디지털 손해보험사 설립에 나섰다
 올 하반기 출범을 목표로 예비인가 승인·법인 설립·본허가 승인 등 절차를 밟게 된다
류영준 카카오페이 대표/사진=장동규 기자카카오페이는 지난해 삼성화재와 합작해 손해보험사를 세우는 방안을 추진했지만 이후 ‘독자 설립’으로 방향을 틀어 예비인가 신청을 준비했다
 법인보험대리점(GA) ‘인바이유’를 인수해 상품을 개발하는 등 다각도로 보험시장 진출을 추진하고 있다
류 대표는 “카카오페이의 디지털손보사 신규 인가가 결정되면 국내 최초로 핀테크가 주도하는 손보사가 탄생한다”며 “카카오페이 증권이 일상 속에서 소액 투자 문화를 만들고 있듯이 카카오페이 디지털손보사(가칭)는 적은 금액으로 필요한 보장을 받을 수 있는 보험상품을 선보일 것”이라고 말했다
 카카오페이가 증권과 보험 등 금융업에 끊임없이 도전하는 이유는 금융과 IT를 접목한 국내·외 핀테크 산업의 무한한 발전 가능성 때문이다
핀테크 산업분석 보고서에 따르면 2013년 글로벌 핀테크의 시장규모(모바일 전자결제 기준)는 약 290조원에서 2018년 약 1000조원으로 4배 이상 커졌다
 2013년 연간 23조원이던 신규 투자 규모도 2018년 134조원으로 5년간 연평균 42.7% 증가했다
 금융당국은 ▲오픈뱅킹(공동결제시스템) ▲마이데이터(흩어진 개인 신용정보를 한곳에 모아 볼 수 있게 하는 금융 분야 산업) ▲금융규제 샌드박스 등을 담은 혁신금융을 제시했고 핀테크 기업은 새로운 관련 금융서비스를 선보이고 있다
 류 대표는 “한국 금융시장은 해외와 비교하면 시작은 늦지만 핀테크 기업을 중심으로 많은 변화가 일어나고 있다”며 “금융 이력이 부족해 금융거래가 제한되거나 금리혜택을 받지 못하는 이들을 위해 문턱을 낮춘 금융서비스를 출시할 것”이라고 말했다
 지난해 3분기 기준 카카오페이 대출 중개액은 대출 중개 업체 중 1위로 제휴 금융사만도 33곳에 이른다
 그동안 쌓아온 빅데이터를 바탕으로 신용등급 4~6등급에 해당하는 이들 중 우량 고객을 선별해 중금리 신용대출에 적극 나설 예정이다
 류 대표는 “주부·대학생·사회 초년생 등 금융 거래 기록이 부족한 사용자를 위해 생활 금융 데이터 기반의 대안신용평가모델을 준비 중”이라며 “이르면 연내 카카오페이의 새로운 신용 평가를 기준으로 여러 금융사와 제휴해 중금리 대출이 가능한 서비스를 제공할 예정”이라고 밝혔다
카카오페이는 매출이 1년 새 두배 정도 늘어난 반면 단기순손실은 줄어 수익성이 높아졌다
 금융감독원에 따르면 2019년 매출이 1410억원을 기록해 전년 동기(695억원) 대비 102.9% 증가했고 같은 기간 당기순손실이 625억원으로 934억원보다 33.1% 감소했다
 지난해 12월에는 월간 흑자 달성에도 성공했다
 증권업계에선 올 하반기 카카오페이가 손익분기점(BEP) 달성이 가능할 것이란 전망이 나온다
류 대표는 “지난해 카카오페이는 투자·보험·대출 비교 서비스를 출시해 재무적으로 많은 성장을 했다”며 “아직 실적 발표 전이기 때문에 구체적인 숫자를 말하기 어렵지만 올해 실적은 자신 있다”며 자신감을 내비쳤다
이남의 기자 namy85@mt
co
kr▶뜨거운 증시, 오늘의 특징주는?  ▶거품 뺀 솔직 시승기▶머니S, 네이버 메인에서 보세요 <저작권자 ⓒ '성공을 꿈꾸는 사람들의 경제 뉴스' 머니S, 무단전재 및 재배포 금지>"	https://news.naver.com/main/read.nhn?mode=LSD&mid=sec&sid1=101&oid=417&aid=0000651925	2021-02-01
변액보험	부활한 '변액보험'... 지난해 초회보험료 3조원 육박	"		주식시장 상승 등으로 지난해 변액보험 초회보험료가 3조원을 넘어섰을 가능성이 큰 것으로 나타났다
그러나 초저금리 기조가 길어지고, 올해 국내외 증시가 보기 드문 호황을 누리자 다시 변액보험에 돈이 몰리기 시작했다
 31일 생명보험협회에 따르면 지난해 1월부터 11월까지 국내 생명보험사들의 누적 변액보험 초회보험료는 2조7306억원으로 집계됐다"	"		주식시장 상승 등으로 지난해 변액보험 초회보험료가 3조원을 넘어섰을 가능성이 큰 것으로 나타났다
변액보험은 보험의 기본 목적인 질병·노후보장 기능을 갖춤과 동시에, 보험료 일부를 주식·채권 등 펀드에 투자하고 운영 실적에 따라 그 이익을 계약자에게 배분하는 실적배당형 보험상품이다
 초회보험료는 고객이 보험에 가입한 뒤 처음 낸 보험료로 보험사의 성장성을 가늠하는 지표 중 하나다
앞서 변액보험 초회보험료는 2016년 1조2815억원, 2017년 1조9563억원, 2018년 1조7860억원, 2019년 1조8163억원을 기록했다
 과거 생명보험사들이 높은 수익률을 앞세워 마케팅을 벌인 결과 2007년 회계연도에 초회보험료는 5조원에 육박할 정도였다
하지만 실적배당형 상품 특성상 금융시장이 좋지 않을 땐 하락장에서는 손실을 볼 수도 있다
 이에 2008년 글로벌 금융위기 땐 일부 변액보험이 원금손실 구간에 진입하면서 민원이 줄을 잇기도 했다
그러나 초저금리 기조가 길어지고, 올해 국내외 증시가 보기 드문 호황을 누리자 다시 변액보험에 돈이 몰리기 시작했다
 31일 생명보험협회에 따르면 지난해 1월부터 11월까지 국내 생명보험사들의 누적 변액보험 초회보험료는 2조7306억원으로 집계됐다
 지난 2019년 같은기간 1조6378억원보다 66.7%(1조928억원) 증가한 규모다
 생보업계에서는 지난해 10월까지 누적 변액보험료 초회보험료가 2조4000억원 수준이었던 만큼 지난해 초회보험료가 총 3조원을 넘어섰을 것으로 추정한다
 다만 일부 전문가들은 변액보험이 원금 손실 가능성이 있는만큼 본인 연령, 재산상황, 가입목적 등을 진단하는 적합성 테스트를 거친 다음 투자성향에 적합할 경우에만 상품에 가입해야 한다고 충고했다
 증시가 호황이라고 해서 무턱대고 가입하면 곤란하다는 의미다
변액보험은 삼성생명, 한화생명, ABL생명 등 15개사가 주로 취급한다
 사망보험금을 높이기 위한 변액종신보험과 노후대비 연금액을 높이려는 변액연금보험으로 나뉜다
 자유로운 입출금이 가능한 변액유니보설보험은 보장성과 저축성으로 분류해 판매한다
[유진우 기자 ojo@chosunbiz
com] ▶네이버에서 '명품 경제뉴스' 조선비즈를 구독하세요▶LNG냐, 수소·암모니아냐… 선박도 차세대 연료 경쟁▶코로나 경제 위기 3대 키워드… 청년실업·마이너스 생산·디플레	저작권자 ⓒ 조선비즈, 무단 전재 및 재배포 금지"	https://news.naver.com/main/read.nhn?mode=LSD&mid=sec&sid1=101&oid=366&aid=0000662120	2021-02-01
변액보험	[박응진의 똑똑재테크] 박현주 회장이 강추한 변액보험은 무엇?	" 그러나 코스피 지수가 종가기준 사상 첫 3200선을 넘어서는 등 국내 증시의 상승세가 이어지고 초저금리 시대가 펼쳐지면서 최근 변액보험이 다시 인기를 끌고 있다
 수명연장에 대비할 수 있는 종신형 연금지급이 가능하고, 투자수익도 기대할 수 있어 안정성과 수익성을 모두 갖춘 유용한 노후자산관리 상품으로 부상했다
 10년 이상 유지하면 위험(사망 등)보장과 함께 경제·금융 상황이 좋을 경우 높은 수익률도 향유할 수 있다"	"'박스피' 수익률과 높은 사업비에 외면받았지만 최근 다시 주목10년 이상 장기상품으로 운용해야 비과세 혜택 등 받을 수 있어© News1 이은현 디자이너(서울=뉴스1) 박응진 기자 = ""변액보험은 대단히 좋은 상품인데, 시장 반응은 미지근하다
 변액보험은 비과세이기도 하다"", ""변액보험은 자기가 관리하고 수령시기도 정할 수 있기 때문에 스스로 만드는 국민연금이다
""지난달 27일 미래에셋대우 유튜브 채널 '스마트머니'를 통해 공개된 영상에서 박현주 미래에셋그룹 회장과 조정식 미래에셋생명 자산운용부문 대표가 나눈 대화 중 일부다
 이 자리에서 박 회장은 ""노후준비를 할 때 몇가지 툴(도구)이 있다
 개인형연금, 퇴직연금, 변액연금 등을 젊었을 때부터 해나가면서 노후를 준비해야 한다
 큰돈 필요 없이 노후를 준비할 수 있다""면서 변액보험의 장점을 수차례 강조했다
 변액보험은 코스피 지수가 한동안 박스피(일정한 폭 안에서만 지속적으로 주가가 오르내리는 코스피)에 갇혀있을 때는 비교적 수익률이 높지 않았다
 여기에 사업비 논란까지 겹치면서 사람들로부터 외면받아 왔다
 그러나 코스피 지수가 종가기준 사상 첫 3200선을 넘어서는 등 국내 증시의 상승세가 이어지고 초저금리 시대가 펼쳐지면서 최근 변액보험이 다시 인기를 끌고 있다
 수명연장에 대비할 수 있는 종신형 연금지급이 가능하고, 투자수익도 기대할 수 있어 안정성과 수익성을 모두 갖춘 유용한 노후자산관리 상품으로 부상했다
변액보험은 보험과 펀드를 결합한 상품으로, 보험료(적립금) 중 일부를 주식·채권 등에 투자해 그에 따라 발생한 이익을 보험금으로 받는 상품이다
 가입목적에 따라 크게 저축형(목돈 마련), 보장형(사망 등 위험 보장), 연금형(노후대비)으로 나뉜다
 상품 유형에 따라 보장내용과 보험금 지급방식 등이 다르기 때문에 가입 전에 자신에게 적합한 유형의 상품을 선택하는 게 좋다
 각 회사별 수익률은 생명보험협회 홈페이지에서 확인할 수 있다
변액보험에 가입하면 자신의 적립금을 운용할 펀드를 선택하고 꾸준히 관리해야 한다
 펀드는 크게 주식형, 채권형, 혼합형으로 나뉜다
 주식형은 투자 위험이 가장 높고, 채권형은 투자 위험이 가장 낮다
 혼합형은 중간 수준이다
 단일 펀드 혹은 특정 유형 펀드에 집중해 장기간 유지할 경우 시장변화에 따라 수익률 변동위험에 노출될 가능성이 있는 만큼 변액보험 펀드도 분산투자를 할 필요가 있다
 시장상황에 따라 필요한 경우 수익률이 낮은 펀드에서 수익률이 높은 펀드로 변경할 수 있다
 펀드 변경시 별도 수수료가 부과될 수 있다
 변액보험은 기본적으로 장기상품이다
 10년 이상 유지하면 위험(사망 등)보장과 함께 경제·금융 상황이 좋을 경우 높은 수익률도 향유할 수 있다
 특히 저축성 변액보험의 경우 10년 이상 유지시 비과세 혜택도 받을 수 있다
 변액보험 가입 전에 보험료를 장기간 납입할 수 있는 지를 고려해야 하는 이유다
 반면 원금보장을 원하는 사람에게는 변액보험이 부적합하다
 투자한 펀드의 수익률이 저조할 경우 원금 손실이 발생할 수 있다
 보험료에서 위험보험료와 사업비가 차감된 나머지 금액만 펀드에 투입되기 때문에 단기 해지시에는 환급률이 매우 낮을 수 있다
 펀드 수수료가 1~3%인데 반해 변액보험은 수수료 등을 포함한 사업비가 10~20%로 매우 높은 편이다
 해지환급금이 원금에 도달하기 위해서는 보통 7~10년의 기간이 소요된다
변액보험은 다른 저축성보험과 같이 이미 가입한 보험에 기본보험료의 2배 이내에서 보험료를 추가납입할 수 있는 보험료 추가납입제도를 운용하고 있다
 이를 활용하면 계약체결비용(모집수수료 등)이 별도로 부과되지 않기 때문에 추가로 보험을 가입하는 경우보다 사업비가 저렴해 가입자에게 유리하다
 보험기간 중에는 보험을 해지하지 않아도 해지환급금의 일정 범위 내에서 계약자적립금의 일부를 인출할 수 있다는 점도 염두에 두면 좋다
pej86@news1.kr▶ 네이버 메인에서 [뉴스1] 구독하기!▶  뉴스1&BBC; 한글 뉴스 ▶  터닝포인트 2021 © 뉴스1코리아(news1.kr), 무단 전재 및 재배포 금지	"	https://news.naver.com/main/read.nhn?mode=LSD&mid=sec&sid1=101&oid=421&aid=0005138658	2021-02-01
변액보험	변액보험 해지하기 전 따져봐야 할 두 가지는	"삼성생명 '보험톡톡'‘해지하면 손해’라는 것을 뻔히 알면서도 코로나19 등에 따른 소득 감소로 어쩔 수 없이 보험 계약을 해지하려는 가입자가 늘고 있다
 그럼에도 불구하고 목돈이 필요해 해지를 고려하고 있다면 보험계약대출 등을 활용해 보는 것도 대안이 될 수 있다
 만약 장기 유지하고 있는 상품을 해약한다면 비용 측면에서 유리해진 상품을 해지하는 것이고, 가입 초기 상품을 해약하게 된다면 비싼 비용을 먼저 부담한 상품을 해지하는 셈이 된다"	"삼성생명 '보험톡톡'‘해지하면 손해’라는 것을 뻔히 알면서도 코로나19 등에 따른 소득 감소로 어쩔 수 없이 보험 계약을 해지하려는 가입자가 늘고 있다
 단기 수익률을 올리기 위해 해지를 고려한다면 그 전에 변액보험의 가입 목적을 다시 한번 되새겨볼 필요가 있다
변액보험도 기본적으로는 보험상품이기 때문에 보장이나 연금 수령 등의 목적을 가지고 있는 상품이다
 보험사는 이런 목적 달성을 위해 사업비 등의 비용을 주로 보험료 납입기간에 차감한다
 납입이 끝난 시점부터는 비용에 대한 부담이 줄어드는 이유다
 만약 장기 유지하고 있는 상품을 해약한다면 비용 측면에서 유리해진 상품을 해지하는 것이고, 가입 초기 상품을 해약하게 된다면 비싼 비용을 먼저 부담한 상품을 해지하는 셈이 된다
수익률이 문제라고 한다면 변액보험 펀드변경 제도를 활용해 보면 어떨까
 상품에 따라서는 국내외 채권과 주식 등에 대해 다양한 국가와 스타일의 펀드로 변경이 가능하다
 수수료 등의 비용도 들지 않는다
 몇몇 보험사는 소비자 편의를 위해 기존 상품에 대해서도 최근에 판매되고 있는 펀드들을 추가 선택할 수 있게 했다
 펀드 추천 서비스를 제공하기도 한다
 그럼에도 불구하고 목돈이 필요해 해지를 고려하고 있다면 보험계약대출 등을 활용해 보는 것도 대안이 될 수 있다
삼성생명 정행용 보험운영실 프로▶ 경제지 네이버 구독 첫 400만, 한국경제 받아보세요▶ 한경 고품격 뉴스레터, 원클릭으로 구독하세요▶ 한국경제신문과 WSJ, 모바일한경으로 보세요 ⓒ 한국경제 & hankyung
com, 무단전재 및 재배포 금지	"	https://news.naver.com/main/read.nhn?mode=LSD&mid=sec&sid1=101&oid=015&aid=0004492401	2021-02-01
변액보험	박현주 회장도 추천한 변액보험…수익내는 보험 따로 있다	"변액보험 수익률 5분위별 펀드유형(자료:미래에셋투자와연금센터)2010년부터 지난해까지 10년 간 변액보험 펀드 자산구성의 변화추이를 분석한 결과 해외투자 증가세가 2016년 이후 가속화되고 있는 것으로 나타났다
미래에셋투자와연금센터가 내놓은 변액보험 펀드 수익률 분석 및 시사점 보고서를 보면 국내펀드에 비해 해외펀드의 장기수익률이 우수한 것으로 나타났다
보고서는 ""2010년 이후 지속된 금리하락으로 채권형 펀드의 수익률이 주식형(국내)에 비해 안정적이었기 때문""이라고 설명했다"	"""국내주식 보다 해외주식펀드 투자…1.5~2배 수익률""[아시아경제 오현길 기자] ""투자에서 굉장히 중요한 게 하나 있는데, 성격이 급해선 안 된다
 노후를 어떻게 준비하느냐에 대해서 몇 가지 포인트가 있다
 큰돈이 필요 없이 노후를 준비할 수 있다
 IRP 개인연금, 퇴직연금, 변액연금 등을 통해 젊었을 때부터 노후를 준비해야 한다
 연금이라는 강제 저축을 해야 적은 돈으로 노후를 편안하게 살 수 있는 거 아니냐
 노후 준비는 50세가 넘어서 노후 준비를 하는게 아니라 직장 생활을 출발하면서, 자영업을 하면서, 비즈니스를 하면서부터 출발해야 한다""(박현주 미래에셋그룹 회장)박현주 미래에셋그룹 회장이 직접 출연한 유튜브 영상이 올라온지 이틀만에 조회수 10만뷰를 넘으면서 '재테크족(族)'에게 인기를 끌고 있다
 박 회장은 연금과 변액보험 등을 통해 젊었을 때부터 노후 준비를 시작해야 한다고 강조했다
변액보험은 불과 몇년전만 해도 '물가 상승률보다 못한 수익률'을 내는 미운오리였다
 하지만 최근 '삼천피(코스피 3000)' 시대가 열리면서 장기, 분산투자를 위한 투자상품으로 주목받고 있다
변액보험은 기본적으로 보험상품이다
 질병 보장이나 연금 수령 등 목적을 가지고 있다는 얘기다
 변액보험은 투자와 안정을 동시에 추구하는 고객에게 선호도가 높다
 모든 투자상품이 그렇지만 자신의 투자 결정에 따라 수익률이 달라지므로 효과적인 운용전략이 필수적이다
미래에셋투자와연금센터가 내놓은 변액보험 펀드 수익률 분석 및 시사점 보고서를 보면 국내펀드에 비해 해외펀드의 장기수익률이 우수한 것으로 나타났다
변액보험 수익률 5분위별 펀드유형(자료:미래에셋투자와연금센터)2010년부터 지난해까지 10년 간 변액보험 펀드 자산구성의 변화추이를 분석한 결과 해외투자 증가세가 2016년 이후 가속화되고 있는 것으로 나타났다
변액보험 펀드 중 해외투자 자산 규모는 2010년 3조3000억원에서 2016년 6조5000억원, 올해 9월 말 12조8000억원으로 증가했다
 그러나 비중은 12.1%로 여전히 낮은 편이다
유형별로 채권형의 비중은 2010년보다 4배 이상 커졌다
 금리 하락 추세로 채권가격이 상승하면서 2010년 7.2%에 불과했던 채권형 비중은 올해 29.2%까지 증가했다
보고서는 ""2010년 이후 지속된 금리하락으로 채권형 펀드의 수익률이 주식형(국내)에 비해 안정적이었기 때문""이라고 설명했다
아울러 5년 이상 운용된 변액보험 펀드 779개의 수익률을 분석한 결과, 투자 기간이 길어질수록 채권형보다 주식형의 수익률이 높게 나타났다
3년 수익률은 해외주식, 국내채권, 해외채권, 국내주식 순이었다
 5년 수익률은 해외주식(56.3%), 국내주식(23.0%), 해외채권(18.7%), 국내채권(11.9%) 순으로 조사됐다
센터 측은 제로금리 상황에서 채권형 수익률이 낮아질 것으로 예상되며, 주식형과 채권형 모두 국내에 비해 해외펀드의 수익률이 더 높고 편차도 더 큰 편이라고 분석했다
정나라 미래에셋투자와연금센터 선임연구원은 ""지난 10년간 금리가 하락하면서 변액보험에서 채권형 자산의 비중이 과거보다 높아진 상태""라며 ""채권형은 향후 성장여력이 한정되고, 장기수익률 분포상 해외주식의 성과가 높은 편이므로 해외로 적극적으로 눈을 돌려 글로벌 자산배분을 할 필요가 있다""고 말했다
오현길 기자 ohk0414@asiae
co
kr▶ 2021년 신축년(辛丑年) 신년운세와 토정비결은?▶ 발 빠른 최신 뉴스, 네이버 메인에서 바로 보기▶ 2021년부터 이렇게 달라진다! 필수 체크!<ⓒ경제를 보는 눈, 세계를 보는 창 아시아경제 무단전재 배포금지>	"	https://news.naver.com/main/read.nhn?mode=LSD&mid=sec&sid1=101&oid=277&aid=0004838469	2021-02-01
연금보험	"박현주 회장 ""노후 지키는 연금자산, 투자형 상품 비중 높여야"""	" ""  박현주 미래에셋그룹 회장은 27일 미래에셋대우 유튜브 채널 '스마트머니'를 통해 효과적인 연금 투자법을 조언했다
   이날 그는 '박현주 회장의 연금과 변액보험을 통한 노후준비'편에 출연해 ""한국의 연금시장은 확 바뀌어야 한다""며 ""20대들이 직장 생활을 시작하면서 세제혜택 있는 투자형 상품으로 꾸준히 투자한다면 노후준비에 대한 우려가 낮아질 것""이라고 밝혔다
   박 회장은 연금과 같이 주요 장기투자 상품인 변액연금이 투자자들에게 비과세 혜택에도 불구 제대로 어필 하지 못한 것은 그간 박스피로 인한 낮은 수익률이라고 지적했다"	"'연금과 변액보험 통한 노후 준비편' 공개 박현주 미래에셋그룹 회장이 자사 유튜브채널 '스마트머니'에 출연해 연금과 변액보험의 중요성에 대해 설명하고 있다
 [파이낸셜뉴스] ""연금형 자산 가운데 투자형 상품 비중을 늘려야 노후를 윤택하게 보낼 수 있다
 특히 직장생활을 시작하는 20대부터라도 연금투자에 일찍 나서야 한다
 ""  박현주 미래에셋그룹 회장은 27일 미래에셋대우 유튜브 채널 '스마트머니'를 통해 효과적인 연금 투자법을 조언했다
   이날 그는 '박현주 회장의 연금과 변액보험을 통한 노후준비'편에 출연해 ""한국의 연금시장은 확 바뀌어야 한다""며 ""20대들이 직장 생활을 시작하면서 세제혜택 있는 투자형 상품으로 꾸준히 투자한다면 노후준비에 대한 우려가 낮아질 것""이라고 밝혔다
   그는 ""우리나라 순 금융자산이 580조원인데, 이중 연금자산은 23~24조원이다
 또 투자형 비중은 턱 없이 낮다""며 ""과거 금리가 5~10%였을때는 상관 없지만, 현재와 같은 저금리에선 원금 보장상품에만 연연해선 안된다
 투자형 자산에 적극적으로 투자해야 한다""고 강조했다
   분산 투자를 통한 자산배분 역시 중요하다는 견해를 내비쳤다
   박 회장은 연금과 같이 주요 장기투자 상품인 변액연금이 투자자들에게 비과세 혜택에도 불구 제대로 어필 하지 못한 것은 그간 박스피로 인한 낮은 수익률이라고 지적했다
   그는 ""작년 주식엔 100조원 규모의 자금이 유입됐지만 동기간 변액보험엔 2조5000억원의 자금이 들어왔다""며 ""10년간 투자하면 주식 양도차익, 배당, 비과세 모두 되고 심지어 80% 중도인출도 가능하지만, 이같은 효율성을 투자자들이 잘 모르는 것 같다""고 언급했다
   과거 절세목적에만 가입했던 투자자들을 겨냥한 상품이 대부분이기 때문에, 성과 면에서 크게 차별화 되지 못한 점이 투자자들의 외면 이유라고도 꼬집었다
 박 회장은 ""보험사 변액보험 수익률 보니, 결국 해외주식 편입이 수익률에 결정적 기여를 미쳤다“며 ” 결국 주식도 국내 뿐 아니라 해외 유망 자산 등 자산배분이 중요하다
 그러나 국내의 경우 부동산 비중이 75%에 달하기 때문에 이런 부분은 고쳐져야 한다“고 지적했다
  #변액보험 #스마트머니 #미래에셋 #미래에셋대우 #박현주 #연금   kakim@fnnews
com 김경아 기자   ▶ 헉! 소리나는 스!토리 뉴스 [헉스]▶ '아는 척'하고 싶은 당신을 위한 [두유노우]▶ 날로먹고 구워먹는 금융이슈 [파인애플]  ※ 저작권자 ⓒ 파이낸셜뉴스
 무단 전재-재배포 금지	"	https://news.naver.com/main/read.nhn?mode=LSD&mid=sec&sid1=101&oid=014&aid=0004573566	2021-02-01
연금보험	[PB칼럼] 2021년, 달라지는 연금제도에 주목하자	"국민연금 추납제도는 과거 국민연금에 가입했던 가입자가 실직이나 사업 중단, 경력단절 등으로 납부하지 못했던 보험료를 추후에 일시 또는 분할해 납부하는 제도로 애초 노후준비에 취약한 연금사각지대를 해소하기 위해 도입됐다
 은퇴를 앞둔 장년층의 노후대비를 위해 한시적으로 세액공제 한도가 확대됐기 때문이다
 개편된 ‘퇴직연금 운용보고서’를 통해 납입원금 대비 수익률(누적, 연평균), 펀드보수, 자산운용관리 수수료 총액, 55세 이후 연금수령 예상액 등의 정보를 제공받게 될 예정이다"	"도하진 SC제일은행 방카슈랑스팀 차장세제혜택 확대 등 확인주택연금, 추납제도 활용도하진 SC제일은행 방카슈랑스팀 차장먼 미래에 얻을 수 있는 경제적 가치를 현재에 비해 과소 평가하는 심리를 행동경제학에서는 ‘현재 편향’ 이라고 한다
 초 고령화 시대 진입을 앞두고 노후 준비의 필요성은 누구나 공감하지만 막상 행동으로 옮기기는 쉽지 않은 이유다
 그래서 정책적으로 노후 대비를 위한 자발적 저축을 유도하기 위해 가입자가 불입하는 시점에서 누릴 수 있는 혜택을 연금제도에 포함시키기도 한다
 그 중 대표적인 것이 연금계좌의 세액공제 혜택이다
올해는 세제 혜택을 포함하여 국민의 노후자산 형성을 장려하기 위한 각종 제도적 지원이 다방면으로 확대됐다
 고령층의 안정적인 노후 소득 확보를 위해 주택연금의 가입 문턱을 낮췄고, 은퇴를 앞둔 장년층과 만기가 도래하는 ISA(개인종합자산관리계좌)가입자의 개인연금 세액공제 한도가 확대됐다
 퇴직연금 수익률 및 연금수령액을 확인하는 절차도 더 간편해졌다
 2021년 달라지는 연금제도 중 알아두면 득이 될 주요 변경 내용을 살펴보자
▶만 50세 이상 또는 ISA 만기자금 이전 시 연금계좌 세제혜택 확대= 만 50세 이상의 연금계좌 가입자는 2020년부터 2022년까지 연간 200만원의 세액공제 혜택을 더 받을 수 있다
 은퇴를 앞둔 장년층의 노후대비를 위해 한시적으로 세액공제 한도가 확대됐기 때문이다
 기존의 연금저축 세액공제 한도는 연간 400만원, IRP와 합산하면 총 700만원이지만 만 50세 이상 가입자의 경우 2020년부터 3년 동안 연금저축은 연간 600만원, IRP와 합산하면 총 900만원까지 세액공제 한도가 늘어난다
예를 들어 50세 이상의 가입자가 최대 세액공제 한도인 900만원까지 저축을 늘릴 경우 총 급여 5500만원 이하인 근로자는 납입금액의 16.5%인 148만5000원을, 총 급여 5500만원 초과 1억 2000만원 이하 근로자는 13.2% 인 118만8000원을 매년 절세할 수 있다
 단, 총 급여 1억2000만원 (또는 종합소득금액 1억원)을 초과하는 고소득자와 금융소득종합과세 대상자는 추가 세제혜택을 받을 수 없다
노후가 걱정인데 올해 ISA 만기를 앞두고 있다면 만기자금을 연금계좌로 옮기는 것을 고려해 볼 수 있다
 ISA는 한 계좌에 예금, 펀드, ELS(주가연계증권) 등 다양한 금융상품을 담아 운용하는 개인종합자산관리계좌이다
 ISA 가입자의 95%가 올해 만기가 돌아오는데 ISA 만기자금을 연금계좌로 이전할 경우 이전금액의 10% (최대 300만원)만큼 세액공제 혜택을 추가로 받을 수 있다
 단, ISA 이전금액 전액이 아니라 10%에 해당되는 금액만 세액공제를 받을 수 있기 때문에 옮기기에 앞서 연금계좌의 기본 세액공제 한도부터 우선적으로 채우는 것이 유리하다
ISA 만기자금을 노후자금으로 활용할 목적이라면 향후 연금으로 수령 시 발생되는 세금에 대해서도 미리 체크해야 한다
 만기자금을 이전한 만큼 연금재원은 불어나겠지만 연금으로 수령 시 3.3~5.5% 의 연금소득세를 부과하기 때문이다
 세액공제 받지 않은 금액이라도 운용수익에 대해서는 연금소득세가 발생되기 때문에 수익이 많이 발생할 경우 부담이 될 수 있다
 또한 세액공제 받은 금액과 운용수익을 재원으로 받은 연금소득이 연간 1200만원을 초과하게 되면 다른 소득과 합산하여 종합소득 세율로 과세되므로 마찬가지로 주의가 필요하다
이 때문에 세액공제 한도를 초과한 금액은 ‘세제 비적격’ 연금보험에 납입해 비과세로 연금자산을 불리는 것이 가입자에게 유리할 수 있다
 세제 비적격 연금보험은 납입기간 동안 세금혜택이 없지만 10년 유지 시 비과세로 연금을 수령할 수 있는 상품이다
 연금수령액 규모와 관계 없이 종합소득과세로부터 자유로우며 다양한 펀드에 포트폴리오 투자도 가능하다
▶주택연금 가입대상, 시가 기준 약 12~13억원 주택까지 확대=은퇴 후 재산이 집 한 채뿐이라면 노후준비는 어떻게 할까
 주택연금은 집을 소유하고 있지만 소득이 부족한 은퇴자들이 본인 집에 거주하면서 평생 안정적인 생활비를 얻을 수 있는 대안으로 꼽힌다
우리나라처럼 가계 자산의 70% 이상이 부동산에 집중돼 있는 경우에는 더욱 그렇다
 주택연금은 거주하고 있는 집을 담보로 매월 일정액을 연금형식으로 받다가 주택소유자와 배우자가 모두 사망하게 되면 주택을 처분해서 연금액을 정산하는 구조다
 이때 부부가 받았던 연금수령총액이 주택가격을 초과해도 상속인에게 청구되지 않으며, 연금수령총액보다 주택가격이 높은 경우 차액은 자녀에게 물려줄 수 있다
 이러한 장점에도 불구하고 우리나라의 주택연금 가입률은 까다로운 가입조건과 부동산을 상속대상으로 보는 인식 등으로 인해 약 1.5%로 낮다
이에 정부는 주택연금 가입률을 늘리기 위해 지난해 4월 가입연령을 부부 중 연장자 기준 만 60세에서 만 55세로 낮췄다
 또한 올해부터는 기존 ‘시가 9억원 이하’ 였던 가입 기준을 ‘공시가 9억원 이하’ 주택으로 완화해 시가 기준으로 약 12~13억원의 주택까지 가입 대상으로 확대했다
 다만 시가 9억원 초과 주택을 담보로 주택연금에 가입하더라도 지급액은 시가 9억원을 기준으로 제한된다
 이와 함께 그 동안 관련법상 ‘주택’이 아니라 가입이 불가능했던 주거용 오피스텔과 일부 공간에 전세를 준 단독형 또는 다가구 주택 소유자도 올해부터 주택연금에 가입할 수 있게 돼 실질적인 가입기준은 더 완화된 셈이다
 이렇듯 주택연금 가입자격 완화정책에 따라 가입자수가 늘어나는 추세이지만 부동산 가격 상승기에는 가입 여부를 신중하게 결정할 필요가 있다
 가입시점의 주택가격과 가입자의 나이에 따라 평생 연금액이 결정되기 때문이다
한편 2021년 6월부터는 가입자가 희망 시 신탁방식으로 주택연금에 가입할 수 있게 된다
 현재 가입자 사망 시 상속자 전원의 동의가 없으면 배우자가 주택연금을 승계할 수 없지만 신탁방식을 도입하게 되면 가입자 사망 시 공동상속인 자녀의 동의가 없어도 배우자에게 자동승계가 가능해지게 된다
 본 제도 시행 시 상속 분쟁을 줄이면서 부부의 연금 수급권을 안정적으로 이어갈 수 있을 것으로 보인다
▶국민연금 추납(추후납부)기간 10년으로 단축=밀린 보험료를 한번에 납부하고 연금을 불리는 ‘추납(추후납부)’ 이 일부 고소득자들의 연금 재테크 수단으로 논란이 되면서 지난해 12월 이를 막는 법안이 국회 본 회의를 통과했다
 이에 따라 올해부터는 국민연금의 추납가능기간도 10년 미만으로 제한됐다
국민연금 추납제도는 과거 국민연금에 가입했던 가입자가 실직이나 사업 중단, 경력단절 등으로 납부하지 못했던 보험료를 추후에 일시 또는 분할해 납부하는 제도로 애초 노후준비에 취약한 연금사각지대를 해소하기 위해 도입됐다
 미납 기간을 되살려 가입기간으로 인정해주기 때문에 그만큼 연금수령액이 늘어나는 효과가 있다
 비록 추납 가능 기간은 10년 미만으로 제한됐지만 가정주부나 경력단절 여성 등 과거 한번이라도 국민연금을 납부한 이력이 있는 경우 사적 연금 가입에 앞서 국민연금 임의가입과 추납제도를 활용해 노후 준비의 기본인 국민연금 수령액을 우선적으로 불리는 것을 권한다
▶퇴직연금(DB, DC, IRP) 가입자에 수익률, 예상 수령액 정기 제공=2021년부터는 퇴직연금 가입자가 본인의 예상 수령액을 정기적으로 확인할 수 있게 된다
 개편된 ‘퇴직연금 운용보고서’를 통해 납입원금 대비 수익률(누적, 연평균), 펀드보수, 자산운용관리 수수료 총액, 55세 이후 연금수령 예상액 등의 정보를 제공받게 될 예정이다
 근로자가 노후수령액을 확인하고 미리 대비할 수 있도록 ‘연금 수령 예상액’을 연령별, 연도별로 확인할 수 있어 노후 자금 점검에 유용하게 쓰일 것으로 보인다
노후생활의 근간이 되는 국민연금, 퇴직연금, 개인연금과 주택연금에 이르기까지 연금제도의 변화가 큰 2021년이다
 새롭게 달라진 제도를 파악하고 득이 되는 노후 전략을 세울 필요가 있다
▶환경적 대화기구 '헤럴드에코'▶밀리터리 전문 콘텐츠 ‘헤밀’▶헤럴드경제 네이버 채널 구독- Copyrights ⓒ 헤럴드경제 & heraldbiz
com, 무단 전재 및 재배포 금지 -	"	https://news.naver.com/main/read.nhn?mode=LSD&mid=sec&sid1=101&oid=016&aid=0001787027	2021-02-01
 종신보험	부활한 '변액보험'... 지난해 초회보험료 3조원 육박	"		주식시장 상승 등으로 지난해 변액보험 초회보험료가 3조원을 넘어섰을 가능성이 큰 것으로 나타났다
변액보험은 보험의 기본 목적인 질병·노후보장 기능을 갖춤과 동시에, 보험료 일부를 주식·채권 등 펀드에 투자하고 운영 실적에 따라 그 이익을 계약자에게 배분하는 실적배당형 보험상품이다
 31일 생명보험협회에 따르면 지난해 1월부터 11월까지 국내 생명보험사들의 누적 변액보험 초회보험료는 2조7306억원으로 집계됐다"	"		주식시장 상승 등으로 지난해 변액보험 초회보험료가 3조원을 넘어섰을 가능성이 큰 것으로 나타났다
변액보험은 보험의 기본 목적인 질병·노후보장 기능을 갖춤과 동시에, 보험료 일부를 주식·채권 등 펀드에 투자하고 운영 실적에 따라 그 이익을 계약자에게 배분하는 실적배당형 보험상품이다
 초회보험료는 고객이 보험에 가입한 뒤 처음 낸 보험료로 보험사의 성장성을 가늠하는 지표 중 하나다
앞서 변액보험 초회보험료는 2016년 1조2815억원, 2017년 1조9563억원, 2018년 1조7860억원, 2019년 1조8163억원을 기록했다
 과거 생명보험사들이 높은 수익률을 앞세워 마케팅을 벌인 결과 2007년 회계연도에 초회보험료는 5조원에 육박할 정도였다
하지만 실적배당형 상품 특성상 금융시장이 좋지 않을 땐 하락장에서는 손실을 볼 수도 있다
 이에 2008년 글로벌 금융위기 땐 일부 변액보험이 원금손실 구간에 진입하면서 민원이 줄을 잇기도 했다
그러나 초저금리 기조가 길어지고, 올해 국내외 증시가 보기 드문 호황을 누리자 다시 변액보험에 돈이 몰리기 시작했다
 31일 생명보험협회에 따르면 지난해 1월부터 11월까지 국내 생명보험사들의 누적 변액보험 초회보험료는 2조7306억원으로 집계됐다
 지난 2019년 같은기간 1조6378억원보다 66.7%(1조928억원) 증가한 규모다
 생보업계에서는 지난해 10월까지 누적 변액보험료 초회보험료가 2조4000억원 수준이었던 만큼 지난해 초회보험료가 총 3조원을 넘어섰을 것으로 추정한다
 다만 일부 전문가들은 변액보험이 원금 손실 가능성이 있는만큼 본인 연령, 재산상황, 가입목적 등을 진단하는 적합성 테스트를 거친 다음 투자성향에 적합할 경우에만 상품에 가입해야 한다고 충고했다
 증시가 호황이라고 해서 무턱대고 가입하면 곤란하다는 의미다
변액보험은 삼성생명, 한화생명, ABL생명 등 15개사가 주로 취급한다
 사망보험금을 높이기 위한 변액종신보험과 노후대비 연금액을 높이려는 변액연금보험으로 나뉜다
 자유로운 입출금이 가능한 변액유니보설보험은 보장성과 저축성으로 분류해 판매한다
[유진우 기자 ojo@chosunbiz
com] ▶네이버에서 '명품 경제뉴스' 조선비즈를 구독하세요▶LNG냐, 수소·암모니아냐… 선박도 차세대 연료 경쟁▶코로나 경제 위기 3대 키워드… 청년실업·마이너스 생산·디플레	저작권자 ⓒ 조선비즈, 무단 전재 및 재배포 금지"	https://news.naver.com/main/read.nhn?mode=LSD&mid=sec&sid1=101&oid=366&aid=0000662120	2021-02-01
 종신보험	달러 투자 열풍에 외화보험도 관심↑…연 73% 늘어	"보험연구원 ""외화보험 판매 과정서 불완전판매 등 문제 발생 가능""최근 외화보험에 대한 관심이 확대되면서 판매 과정에서 소비자보호 문제가 발생하지 않도록 조치를 취해야 한다는 지적이 제기됐다
29일 보험연구원은 '해외 외화보험시장 성장 및 정책대응과 국내 시사점' 리포트를 통해 이와 같이 밝혔다
외화보험은 보험료 납입과 보험금 및 해약환급금 지급 등이 외화로 이루어지는 상품이다"	"보험연구원 ""외화보험 판매 과정서 불완전판매 등 문제 발생 가능""최근 외화보험에 대한 관심이 확대되면서 판매 과정에서 소비자보호 문제가 발생하지 않도록 조치를 취해야 한다는 지적이 제기됐다
 [사진=아이뉴스24DB][아이뉴스24 허재영 기자] 최근 달러수요 증가 등으로 외화보험에 대한 관심이 확대되고 있다
 이에 외화보험 판매과정에서 불완전판매 등 소비자보호 문제가 발생하지 않도록 조치를 취해야 한다는 지적이 제기됐다
29일 보험연구원은 '해외 외화보험시장 성장 및 정책대응과 국내 시사점' 리포트를 통해 이와 같이 밝혔다
◆ 외화보험시장 3년 새 연평균 73.2% 급성장…신성장동력 찾는 보험사·자산 다양화 원하는 소비자 수요 부합최근 금융소비자들의 안전자산 선호, 달러수요 증가 등으로 외화예금과 외화보험 등 외화자산에 대한 관심이 늘고 있다
 지난해 상반기까지 생명보험사의 외화보험 누적 판매량은 3조2천억원 수준이며, 최근 3년(2017~2019년) 사이 연평균 73.2% 증가했다
변혜원 보험연구원 연구위원은 ""최근 국내 외화보험시장의 성장은 생명보험산업의 성장여력이 정체된 상황에서 신성장동력을 확보하기 위한 보험사의 수요와 저금리 상황에서 자산을 다양화 하고자 하는 소비자들의 수요가 부합했기 때문이다""고 말했다
또한 ""국내외 외화보험 운영사례를 볼 때 외화보험은 금융소비자의 외화수요와 관련이 있어 환율, 금리 등 금융자산가격 변화도 수요와 공급에 영향을 미친다""고 설명했다
외화보험은 보험료 납입과 보험금 및 해약환급금 지급 등이 외화로 이루어지는 상품이다
 외화종신보험과 외화연금보험 등으로 구분되며, 과거 외국계 보험사들이 주로 판매했지만 최근에는 국내 보험사들도 상품을 출시하고 있다
가입자는 사전에 정한 보험료를 외화로 납입하고, 보험사가 만기 5년 또는 10년 등의 외화채권 등에 투자해 자산과 부채를 대응시킨다
 납입보험료는 해당 통화 발행국의 국채를 중심으로 운용되고 예정이율이 결정되기 때문에 자국과 투자된 국가 간의 금리 차가 클 경우 상대적으로 높은 이율 보장이 가능하다
만기 시에는 자국 통화로 환전해 보험금을 수령하는 구조로, 해당 시점에 자국통화가 강세인 경우 환차손이 발생할 수 있다
변혜원 연구위원은 ""일본의 경우 저금리 장기화, 내외금리차 확대, 자산분배 다양화 수요 등으로 지난 2016년 이후 외화보험 판매가 크게 증가했다""고 말했다
실제로 일본 5대 생보사의 2018년 외화보험 판매액은 전년대비 5% 증가한 3조6천억엔으로 사상 최고치를 기록했다
 대만도 일본과 마찬가지로 저금리 장기화, 대만달러 약세 등을 배경으로 외화보험 상품이 시장에 출시돼 2017~2018년에 높은 증가율을 기록했다
◆ 외화보험 판매 과정서 불완전판매 등 소비자보호 문제 발생…국내 상황에 적합한 조치 고려 필요변 연구위원은 ""일본과 대만의 외화보험은 소비자 선택폭 확대에 기여했지만 (그 이면에는) 소비자 문제가 발생했다""며 ""(양국에서) 이를 개선하기 위한 보완장치 관련 논의가 시작됐다""고 밝혔다
지난 2019년 기준 일본의 외화보험 관련 민원은 2천822건으로, 최근 8년(2012~2019년) 동안 4.7배 증가했고, 전체 민원 중 판매과정에서 원금손실위험 등에 대한 설명이 불충분해 제기된 민원이 67%를 차지했다
이에 일본에서는 외화보험 판매과정 중 발생할 수 있는 소비자 보호 문제를 해결하기 위해 ▲ 고령계약자 보호조치 ▲ 판매자격 관리 ▲ 가입절차 개선 ▲ 수수료체계 검토 ▲ 공시제도 개선 등의 조치를 시행했다
대만 생명보험협회는 외화보험 모집자격 시험을 도입하고, 판매 과정에서 상품설명 의무를 강화하는 등의 자율운영규정을 제정했고, 금융감독위원회(FSC)는 건전한 외화보험 사업 운영을 위해 판매자격 요건과 운영상 주의사항을 발표했다
그는 ""외화보험시장이 발달한 일본과 대만에서는 판매과정에서 발생할 수 있는 소비자 보호 문제에 대응하기 위해 보험업계와 감독당국이 다양한 조치를 취해왔다""며 ""외화보험이 소비자와 보험사 모두에게 유용한 보험상품으로 자리매김할 수 있도록 해외에서 나타난 문제점과 정책대응을 참고해 국내 상황에 적합한 조치를 고려해야 할 것이다""고 말했다
허재영기자 huropa@inews24.com▶네이버 채널에서 '아이뉴스24'를 구독해주세요
▶재밌는 아이뉴스TV 영상보기 ▶아이뉴스24 바로가기[ⓒ 아이뉴스24 무단전재 및 재배포 금지]"	https://news.naver.com/main/read.nhn?mode=LSD&mid=sec&sid1=101&oid=031&aid=0000581818	2021-02-01
금융+보험	보험사도 ‘배당 자제령’…금융당국, '주주권한 침해' 논란	" 보험업계의 지난해 실적 개선은 저축성보험 중심으로 보험금이 늘어났고 코로나19로 국민들이 외부활동을 줄이면서 자동차보험과 실손의료보험의 손해율이 하락했기 때문으로 분석된다
 하지만 정부의 배당 삭감 권고와 여권의 이익공유제 참여 압박에 주주들은 크게 반발하고 있다
 정부의 배당 축소 권고는 정치권에서 흘러나오는 금융사 이익공유제 참여 요구와 얽혀 주주들로부터 더 큰 반발을 사고 있다"	"금감원, 보험사 배당계획 파악 중주주총회서 결정한 사항이지만금융사, 금융당국 무시 어려워 '난감'금융감독원 로고[이데일리DB][이데일리 이진철 김인경 기자] 금융당국의 ‘배당 자제령’이 은행에 이어 보험사 등 금융업계 전반으로 확산하고 있다
 일부 금융사들은 지난해 코로나19 사태 속에서도 수익성이 좋아져 배당 여력이 늘었다
 그동안 은행주를 비롯한 금융주들은 대표적인 고배당주로 꼽혀왔다
 하지만 정부의 배당 삭감 권고와 여권의 이익공유제 참여 압박에 주주들은 크게 반발하고 있다
 31일 금융업계에 따르면 금융위원회가 지난 28일 은행권에 ‘순이익의 20% 이내 배당’을 권고한 데 이어 금융감독원은 보험사별 배당계획을 파악하고 있는 것으로 알려졌다
 금융당국 관계자는 “금융지주에 20% 배당권고 이야기를 했기 때문에 보험업계도 방향을 맞춰야 한다는 공감대가 있다”고 말했다
 보험업계의 지난해 실적 개선은 저축성보험 중심으로 보험금이 늘어났고 코로나19로 국민들이 외부활동을 줄이면서 자동차보험과 실손의료보험의 손해율이 하락했기 때문으로 분석된다
 보험업계 관계자는 “이익 증가로 배당 여력이 늘더라도, 금융당국의 배당 자제 권고 등의 영향을 받으면서 전년과 비슷한 수준의 배당금 규모를 정할 것으로 보인다”고 말했다
 금융당국은 은행권에는 코로나19 사태로 향후 대출 연체 등 금융시스템 건전성이 우려되는 만큼 주주 배당을 줄여 재원을 충분히 확보하라고 주문하고 있다
 배당 권고안이 구두가 아닌 공식적으로 나온 건 이번이 처음이다
 금융권 관계자는 “최종적으로는 3월 주주총회에서 결정될 사안이지만 금융당국의 권고를 대놓고 무시할 수 있는 금융지주와 은행은 없을 것”이라고 말했다
 정부의 배당 축소 권고는 정치권에서 흘러나오는 금융사 이익공유제 참여 요구와 얽혀 주주들로부터 더 큰 반발을 사고 있다
 한 금융지주 관계자는 “정부의 배당 성향 20% 이내 권고와 이익공유 차원에서 서민금융기금 등에 기부 형태로 참여할 것인지를 묻는 전화가 많다”면서 “만일의 소송에 대비해 위법 소지가 있는지 검토에 들어간 곳도 있다”고 말했다
이진철 (cheol@edaily
co
kr)▶ #24시간 빠른 #미리보는 뉴스 #eNews+▶ 네이버에서 '이데일리 뉴스'를 만나보세요▶ 빡침해소, 청춘뉘우스 '스냅타임'＜ⓒ종합 경제정보 미디어 이데일리 - 무단전재 & 재배포 금지＞"	https://news.naver.com/main/read.nhn?mode=LSD&mid=sec&sid1=101&oid=018&aid=0004842076	2021-02-01
금융+보험	외화보험 판매량 급증... 3년 평균 73.2%씩 성장	"		최근 미국 달러화를 찾는 금융 소비자들이 늘면서 ‘달러보험’이라고 불리는 외화보험시장이 빠르게 성장하고 있다
 31일 보험연구원이 펴낸 '해외 외화보험시장 성장 및 정책대응과 국내 시사점' 보고서에 따르면 지난해 상반기까지 생명보험회사의 외화보험 누적 판매량은 3조2000억원 수준으로 최근 3년(2017~2019년) 사이 연평균 73.2%가 증가했다
외화보험은 보험료 납입과 보험금, 해약환급금 등의 금전 수수가 미국 달러 등 외화로 이뤄지는 상품으로, 납입 보험료를 해외 국채 중심으로 운용하는 구조다"	"		최근 미국 달러화를 찾는 금융 소비자들이 늘면서 ‘달러보험’이라고 불리는 외화보험시장이 빠르게 성장하고 있다
 31일 보험연구원이 펴낸 '해외 외화보험시장 성장 및 정책대응과 국내 시사점' 보고서에 따르면 지난해 상반기까지 생명보험회사의 외화보험 누적 판매량은 3조2000억원 수준으로 최근 3년(2017~2019년) 사이 연평균 73.2%가 증가했다
 특히 저축성 외화보험 누적 판매량은 전체 외화보험의 85%를 차지할 정도로 인기를 끌었다
외화보험은 보험료 납입과 보험금, 해약환급금 등의 금전 수수가 미국 달러 등 외화로 이뤄지는 상품으로, 납입 보험료를 해외 국채 중심으로 운용하는 구조다
보험계약자는 글로벌 기축통화인 달러에 자산을 배분해 위험을 분산하는 효과가 있고, 10년 이상 유지하면 이자 수익에 대한 비과세 혜택을 받을 수도 있다
 자녀 유학자금, 이민자금 등을 마련하는 데도 효과적이다
다만 보험계약 만기 때 계약자는 외화로 보험금을 수령하는데, 원화로 변경할 경우 환전 수수료가 발생한다
 보험료 납입 시점보다 원화가 강세면 환차손을 입을 수도 있다
 원화상품 대비 상대적으로 상품 구조도 복잡하다
변혜원 보험연구원 연구위원은 ""최근 국내 외화보험시장의 성장은 생명보험산업의 성장여력이 정체된 상황에서 신성장동력을 확보하기 위한 보험사의 수요와 저금리 상황에서 자산을 다양화 하고자 하는 소비자들의 수요가 부합했기 때문이다""고 평가했다
이어 그는 ""국내외 외화보험 운영사례를 볼 때 외화보험은 금융소비자의 외화수요와 관련이 있어 환율, 금리 등 금융자산가격 변화도 수요와 공급에 영향을 미친다""고 설명했다
우리나라에 앞서 외화보험은 일본과 대만에서도 인기몰이를 했다
 일본은 저금리 장기화·내외금리차 확대·자산분배 다양화 수요 등으로 지난 2016년 이후 외화보험 판매가 크게 늘었다
 대만에서도 저금리 장기화·대만달러 약세 등을 배경으로 외화보험 상품이 시장에 출시돼 2017~2018년 높은 증가율을 기록했다
 문제는 관련 소비자 문제가 함께 급증했다는 점이다
 2019년 기준 일본의 외화보험 관련 민원은 2822건으로 최근 8년(2012~2019년) 동안 4.7배가 증가했다
 환율변동에 따른 원금손실 위험을 인지하지 못하거나 외화기반 원금보장을 자국통화 기준으로 오해한 경우가 민원의 다수를 차지했다
변 연구위원은 ""외화보험시장이 발달한 일본과 대만에서는 판매과정에서 발생할 수 있는 소비자 보호 문제에 대응하기 위해 보험업계와 감독당국이 다양한 조치를 취했다""며 ""외화보험이 소비자와 보험회사 모두에게 유용한 보험상품으로 자리매김할 수 있도록 해외에서 나타난 문제점과 정책대응을 참고해 국내 상황에 적합한 조치를 고려해야 한다""고 조언했다
[유진우 기자 ojo@chosunbiz
com] ▶네이버에서 '명품 경제뉴스' 조선비즈를 구독하세요▶LNG냐, 수소·암모니아냐… 선박도 차세대 연료 경쟁▶코로나 경제 위기 3대 키워드… 청년실업·마이너스 생산·디플레 	저작권자 ⓒ 조선비즈, 무단 전재 및 재배포 금지"	https://news.naver.com/main/read.nhn?mode=LSD&mid=sec&sid1=101&oid=366&aid=0000662153	2021-02-01
금융+보험	"이익공유제에 배당까지 축소…금융지주 ""배임될라"" 법률검토"	" 금감원은 코로나19로 영업 환경이 불확실한 점과 새로운 회계제도(IFRS17) 도입 등을 이유로 내세운 것으로 전해졌다
 31일 금융권에 따르면 최근 주요 금융지주사의 투자자 관리(IR) 담당 부서에 투자자들의 배당·이익공유제 관련 문의가 이어지고 있다
 이 같은 문의는 크게 두 가지로 하나는 금융위원회가 최근 권고한 '배당성향 20% 이내', 다른 하나는 정치권의 이익공유제 중 하나로 추진되고 있는 서민금융기금에 기부하는 행위다"	"금감원 ""보험사도 배당 축소"" 이익공유제에 이어 배당 축소 압박까지 받고 있는 금융지주들이 이 같은 외부 요구 사항을 따랐을 때 법적인 문제는 없는지 검토 작업에 착수했다
 31일 금융권에 따르면 최근 주요 금융지주사의 투자자 관리(IR) 담당 부서에 투자자들의 배당·이익공유제 관련 문의가 이어지고 있다
 이 같은 문의는 크게 두 가지로 하나는 금융위원회가 최근 권고한 '배당성향 20% 이내', 다른 하나는 정치권의 이익공유제 중 하나로 추진되고 있는 서민금융기금에 기부하는 행위다
 KB·신한·우리·하나 등 4대 금융지주의 작년 평균 배당성향은 26.1%였다
 정부의 이 같은 배당 축소 권고는 정치권에서 추진 중인 금융사 이익공유제 참여 요구와 얽혀 주주들에게 더 큰 반발을 사고 있다
 한 금융지주사 관계자는 ""재정건전성을 위해 배당을 줄여 충격 흡수에 필요한 재원을 확보하라면서 동시에 금융지주사가 이익을 스스로 내놓으라고 요구하는 것은 상호 모순""이라고 지적했다
 아직 금융권의 이익공유제 참여 여부와 규모 등이 확정되지 않았지만 금융지주사들은 이런 주주들의 반발 움직임을 예의 주시하며 내부적으로 법률 검토 등을 진행하고 있다
 정부나 정치권 등 외부 압력에 따라 금융사가 피해를 입었다고 생각되면 일부 주주가 경영진을 형법상 업무상 배임 혐의로 고발하거나 상법상 주주대표소송을 제기할 가능성이 있기 때문이다
최근 금융감독원은 금융지주에 이어 보험사에도 배당을 자제하라고 권고했다
 배당성향을 최근 3년 평균 수준으로 유지하라는 것이다
 금감원은 코로나19로 영업 환경이 불확실한 점과 새로운 회계제도(IFRS17) 도입 등을 이유로 내세운 것으로 전해졌다
 보험사들은 코로나19 영향으로 수익성이 좋아졌지만 당국의 권고를 받아들일 것으로 알려졌다
 [문일호 기자 / 이새하 기자]▶ 네이버 메인에서 '매일경제'를 받아보세요▶ 궁금한 제조과정 영상으로 보세요
 '이렇게 만들죠'▶ 아파트 살까 청약할까
 여기서 확인하세요
 '매부리tv'[ⓒ 매일경제 & mk
co
kr, 무단전재 및 재배포 금지]	"	https://news.naver.com/main/read.nhn?mode=LSD&mid=sec&sid1=101&oid=009&aid=0004742046	2021-02-01
금융+보험	2금융권 대출 급증에도 당국은 규제 '미온적'	"   이처럼 2금융권의 대출 규모가 급증한 것은 지난해 하반기 시중은행의 대출 규제가 강화되면서 저신용·저소득 취약차주들이 2금융권으로 대거 발길을 돌리는 '풍선효과'가 나타났기 때문이란 분석이다
   31일 금융권에 따르면 지난 6개월간(작년 7월~12월) 상호금융, 보험, 저축은행, 여신전문금융사(카드사) 등 2금융권 가계대출의 증가액은 약 16조원에 달했다
   금융당국 관계자는 ""동학개미운동, 영끌 등으로 대변되는 시중은행의 대출 수요는 규제가 불가피하고 충분히 관리 가능한 측면도 있지만, 2금융권 대출은 기본적으로 중·저신용자 위주의 생계형에 기반을 두다 보니 (시중은행과는) 다르게 바라볼 필요가 있다""며 ""만약, 2금융권 대출을 섣불리 규제했다가는 대출 수요자들을 대부업체로 내몰리게 하는 등의 큰 폐해가 있을 수 있어 신중하게 접근해야 한다""고 말했다"	"6개월간 2금융권 가계대출 약 16조 증가 시중은행 대출규제 따른 풍선효과 당국은 2금융권 대출규제 안 할 방침 취약차주 생활자금 수요 등 감안  [파이낸셜뉴스] 최근 제2금융권의 가계대출이 급증했지만, 금융당국은 시중은행과 달리 2금융권 대출 규제는 당분간 하지 않을 방침이다
 시중은행 대출은 자산 투자를 위한 수요가 많아 어느 정도 관리가 필요하지만, 2금융권 대출은 생활자금 등을 위한 수요가 많아 섣부른 규제가 오히려 독이 될 수 있기 때문이란 분석이다
   31일 금융권에 따르면 지난 6개월간(작년 7월~12월) 상호금융, 보험, 저축은행, 여신전문금융사(카드사) 등 2금융권 가계대출의 증가액은 약 16조원에 달했다
 이는 지난해 초(1월~6월) 2금융권 가계대출이 오히려 4조4000억원 감소했던 것과 크게 대비되는 모습이다
 2금융권 가운데 저축은행의 가계대출 증가액이 5조5000억원으로 가장 많았고, 카드사의 가계대출 증가액은 4조3000억원이었다
   이처럼 2금융권의 대출 규모가 급증한 것은 지난해 하반기 시중은행의 대출 규제가 강화되면서 저신용·저소득 취약차주들이 2금융권으로 대거 발길을 돌리는 '풍선효과'가 나타났기 때문이란 분석이다
 아울러 코로나19가 장기화하면서 생활자금 수요가 크게 높아진 측면도 있다
   이런 상황에도 불구하고 금융당국은 시중은행에 적용했던 대출 규제를 2금융권엔 당분간 하지 않을 것으로 알려졌다
 무엇보다 시중은행과 저축은행의 대출 성격이 상이한 것으로 판단하기 때문이다
 시중은행의 경우 주식 투자 열풍 등에 따른 대출이 많지만, 2금융권은 투자보단 생활이나 사업자금 목적의 대출이 많은 것으로 전해졌다
   금융당국 관계자는 ""동학개미운동, 영끌 등으로 대변되는 시중은행의 대출 수요는 규제가 불가피하고 충분히 관리 가능한 측면도 있지만, 2금융권 대출은 기본적으로 중·저신용자 위주의 생계형에 기반을 두다 보니 (시중은행과는) 다르게 바라볼 필요가 있다""며 ""만약, 2금융권 대출을 섣불리 규제했다가는 대출 수요자들을 대부업체로 내몰리게 하는 등의 큰 폐해가 있을 수 있어 신중하게 접근해야 한다""고 말했다
   한편, 금융당국은 주요 시중은행들이 제출한 올해 가계대출 증가율 목표치를 검토 중이다
 각 은행이 먼저 제시한 목표치를 토대로 금융당국은 여러 제반상황을 반영한 적절한 목표치를 다시 제시한다는 계획이다
 금감원 관계자는 ""은행이 제출한 가계대출 증가율 목표치를 연간, 월간으로 살펴보는 중""이라며 ""조만간 가이드라인을 결정할 것""이라고 전했다
 앞서 금융당국은 지난해 2금융권에도 재작년 대비 강화된 대출 총량규제 목표치를 내려 보냈다가 거둬들인 바 있다
    kschoi@fnnews
com 최경식 기자   ▶ 헉! 소리나는 스!토리 뉴스 [헉스]▶ '아는 척'하고 싶은 당신을 위한 [두유노우]▶ 날로먹고 구워먹는 금융이슈 [파인애플]  ※ 저작권자 ⓒ 파이낸셜뉴스
 무단 전재-재배포 금지	"	https://news.naver.com/main/read.nhn?mode=LSD&mid=sec&sid1=101&oid=014&aid=0004575530	2021-02-01
금융+보험	디지털 공습에...작년 금융권 취업자 역대 최저	" 젊은 층을 중심으로 능동적으로 정보를 찾아다니며 인터넷·모바일로 신용카드를 발급받는 사람이 늘어나고 코로나19로 대면 영업도 제약을 받으면서 카드 모집인 수도 빠르게 줄고 있다
31일 통계청 고용동향에 따르면 지난해 금융 및 보험업 취업자는 77만 8,000명으로 1년 전보다 2만 2,000명 감소했다
 지점이 하나도 없어 비용 면에서 월등한 경쟁력을 지닌 카카오뱅크 등 인터넷은행이 약진하자 시중은행은 파격적인 조건으로 희망퇴직을 실시하고 신입 공채 규모는 줄이며 인력을 감축하고 있다"	"금융·보험업 취업자 77.8만명2013년 이후 최저···감소율 2.7%[서울경제] 금융권에 디지털 바람이 거세게 불면서 지난 1년간 일자리가 2만 2,000개나 증발한 것으로 나타났다
31일 통계청 고용동향에 따르면 지난해 금융 및 보험업 취업자는 77만 8,000명으로 1년 전보다 2만 2,000명 감소했다
 이는 비교 가능한 지난 2013년 이후 가장 적은 규모다
 금융 및 보험업은 높은 임금에 고용 안정성도 높아 양질의 일자리로 평가받고 있다
 2013년 87만 8,000명으로 정점을 찍은 후 문재인 정부가 출범한 2017년 79만 4,000명까지 하락했다
 이듬해 84만 명으로 급반등하더니 이후 2년 연속 가파르게 감소했다
금융 및 보험업 취업자는 은행원, 보험설계사, 카드 모집인 등을 말한다
 지난해 신종 코로나바이러스 감염증(코로나19)의 여파로 전체 취업자 수가 줄어든 것도 있지만 금융 및 보험업 일자리 감소율은 특히 컸다
 지난해 감소율은 2.7%로 전체 취업자 감소율(-0.8%)을 세 배 이상 웃돌았다
이는 금융의 디지털화가 빠르게 진행되면서 금융사들이 인력을 줄이고 있기 때문으로 풀이된다
 지점이 하나도 없어 비용 면에서 월등한 경쟁력을 지닌 카카오뱅크 등 인터넷은행이 약진하자 시중은행은 파격적인 조건으로 희망퇴직을 실시하고 신입 공채 규모는 줄이며 인력을 감축하고 있다
 KB국민·신한·하나·우리·NH농협은행에서는 지난해 말과 올해 초에 걸쳐 실시된 희망퇴직으로 2,000여 명이 짐을 싼 것으로 추정된다
카드 모집인 역시 빠르게 줄고 있다
 젊은 층을 중심으로 능동적으로 정보를 찾아다니며 인터넷·모바일로 신용카드를 발급받는 사람이 늘어나고 코로나19로 대면 영업도 제약을 받으면서 카드 모집인 수도 빠르게 줄고 있다
 신한·삼성·국민·현대·롯데·우리·하나 등 7개 전업 카드사에 따르면 지난해 말 기준 이들 금융사의 신용카드 모집인 수는 9,217명으로 1년 새 2,165명이나 감소했다
 신용카드 모집인 수는 2016년 말 2만 2,872명에 달했지만 4년 새 무려 1만 3,655명이나 감소했다
금융권의 한 관계자는 “디지털 공습으로 금융사는 몸집 줄이기가 선택이 아닌 생존의 문제가 됐다”며 “앞으로도 일자리 감소세가 이어질 것”이라고 내다봤다
/이태규 기자 classic@sedaily
com▶ 상위 1% 투자자 픽! [주식 초고수는 지금]▶ 전문가에게 듣는 성공 방정식 [투자의 창]▶ 네이버 채널에서 '서울경제' 구독해주세요!저작권자 ⓒ 서울경제, 무단 전재 및 재배포 금지	"	https://news.naver.com/main/read.nhn?mode=LSD&mid=sec&sid1=101&oid=011&aid=0003865220	2021-02-01
금융+보험	경찰, 6월까지 사기범죄 특별단속… 금융사기 수사상황실 설치	" 연합뉴스    경찰청 국가수사본부는 오는 6월30일까지 5개월간 전화금융사기, 보험사기, 사이버사기 등 사기범죄 특별단속을 추진한다고 31일 밝혔다
   전화금융사기에 대한 효율적 대응을 위해서 경찰청에 처음으로 5명 규모 ‘금융사기 수사상황실’이 설치, 운영된다
    이번 특별단속 주요 대상은 ▲전화금융사기 ▲생활사기(보험사기, 취업사기, 전세사기) ▲사이버사기(물품거래사기, 메신저·몸캠피싱, 게임아이템사기, 신종수법 사기)다"	"    경찰청 국가수사본부
 연합뉴스    경찰청 국가수사본부는 오는 6월30일까지 5개월간 전화금융사기, 보험사기, 사이버사기 등 사기범죄 특별단속을 추진한다고 31일 밝혔다
    최근 사기범죄 피해가 10% 이상씩 증가하는 데 따른 조치다
 사기범죄 피해 건수는 2017년 23만169건, 2018년 26만7419건, 2019년 30만2038건, 지난해 34만5005건을 기록했다
    이번 특별단속 주요 대상은 ▲전화금융사기 ▲생활사기(보험사기, 취업사기, 전세사기) ▲사이버사기(물품거래사기, 메신저·몸캠피싱, 게임아이템사기, 신종수법 사기)다
   전화금융사기에 대한 효율적 대응을 위해서 경찰청에 처음으로 5명 규모 ‘금융사기 수사상황실’이 설치, 운영된다
 지역별 피해 발생 현황을 실시간으로 분석하고 집중수사 지휘 등을 맡는다
 또 전화금융사기 범행 관련 이른바 ‘콜센터’에 대한 추적 수사로 총책 등을 검거해 범죄단체조직죄를 적용한다는 방침이다
    생활사기에 대해서는 시도경찰청의 보험사기 수사협의회를 통해 금감원·건강보험공단·보험협회와 공조체제를 구축하고 브로커가 개입한 보험사기 범행에 수사력을 집중할 예정이다
    사이버사기는 시도경찰청에 사이버경제범죄 수사팀 22개를 신설해 대규모 물품 거래사기, 메신저·몸캠피싱 등을 전담 수사토록 한다
 올해 하반기에는 관련 수사 정보를 종합·분석할 전담팀을 주요 시도경찰청에 추가 신설할 예정이다
   경찰은 사기 범행 관련한 중요한 신고나 제보를 하는 경우 기여 정도, 범죄 중대성 등을 심의해 최대 1억원 규모 신고보상금을 적극 지급하기로 했다
 국회와 협력해 사기 재범을 막기 위해 주요 사기 범죄자 신상공개를 위한 관련 법안 개정도 추진한다
    김승환 기자 hwan@segye
comⓒ 세상을 보는 눈, 세계일보"	https://news.naver.com/main/read.nhn?mode=LSD&mid=sec&sid1=102&oid=022&aid=0003547923	2021-02-01
금융+보험	부활한 '변액보험'... 지난해 초회보험료 3조원 육박	"		주식시장 상승 등으로 지난해 변액보험 초회보험료가 3조원을 넘어섰을 가능성이 큰 것으로 나타났다
변액보험은 보험의 기본 목적인 질병·노후보장 기능을 갖춤과 동시에, 보험료 일부를 주식·채권 등 펀드에 투자하고 운영 실적에 따라 그 이익을 계약자에게 배분하는 실적배당형 보험상품이다
 31일 생명보험협회에 따르면 지난해 1월부터 11월까지 국내 생명보험사들의 누적 변액보험 초회보험료는 2조7306억원으로 집계됐다"	"		주식시장 상승 등으로 지난해 변액보험 초회보험료가 3조원을 넘어섰을 가능성이 큰 것으로 나타났다
변액보험은 보험의 기본 목적인 질병·노후보장 기능을 갖춤과 동시에, 보험료 일부를 주식·채권 등 펀드에 투자하고 운영 실적에 따라 그 이익을 계약자에게 배분하는 실적배당형 보험상품이다
 초회보험료는 고객이 보험에 가입한 뒤 처음 낸 보험료로 보험사의 성장성을 가늠하는 지표 중 하나다
앞서 변액보험 초회보험료는 2016년 1조2815억원, 2017년 1조9563억원, 2018년 1조7860억원, 2019년 1조8163억원을 기록했다
 과거 생명보험사들이 높은 수익률을 앞세워 마케팅을 벌인 결과 2007년 회계연도에 초회보험료는 5조원에 육박할 정도였다
하지만 실적배당형 상품 특성상 금융시장이 좋지 않을 땐 하락장에서는 손실을 볼 수도 있다
 이에 2008년 글로벌 금융위기 땐 일부 변액보험이 원금손실 구간에 진입하면서 민원이 줄을 잇기도 했다
그러나 초저금리 기조가 길어지고, 올해 국내외 증시가 보기 드문 호황을 누리자 다시 변액보험에 돈이 몰리기 시작했다
 31일 생명보험협회에 따르면 지난해 1월부터 11월까지 국내 생명보험사들의 누적 변액보험 초회보험료는 2조7306억원으로 집계됐다
 지난 2019년 같은기간 1조6378억원보다 66.7%(1조928억원) 증가한 규모다
 생보업계에서는 지난해 10월까지 누적 변액보험료 초회보험료가 2조4000억원 수준이었던 만큼 지난해 초회보험료가 총 3조원을 넘어섰을 것으로 추정한다
 다만 일부 전문가들은 변액보험이 원금 손실 가능성이 있는만큼 본인 연령, 재산상황, 가입목적 등을 진단하는 적합성 테스트를 거친 다음 투자성향에 적합할 경우에만 상품에 가입해야 한다고 충고했다
 증시가 호황이라고 해서 무턱대고 가입하면 곤란하다는 의미다
변액보험은 삼성생명, 한화생명, ABL생명 등 15개사가 주로 취급한다
 사망보험금을 높이기 위한 변액종신보험과 노후대비 연금액을 높이려는 변액연금보험으로 나뉜다
 자유로운 입출금이 가능한 변액유니보설보험은 보장성과 저축성으로 분류해 판매한다
[유진우 기자 ojo@chosunbiz
com] ▶네이버에서 '명품 경제뉴스' 조선비즈를 구독하세요▶LNG냐, 수소·암모니아냐… 선박도 차세대 연료 경쟁▶코로나 경제 위기 3대 키워드… 청년실업·마이너스 생산·디플레	저작권자 ⓒ 조선비즈, 무단 전재 및 재배포 금지"	https://news.naver.com/main/read.nhn?mode=LSD&mid=sec&sid1=101&oid=366&aid=0000662120	2021-02-01
금융+보험	비은행이 떠받친 금융지주···최대실적 예고	" 코로나19 사태에 대응한 기준금리 인하로 순이자마진(NIM)이 바닥을 친데다 금융 지원 정책에 따라 대규모 원리금 유예에 나서면서 대손비용 부담이 커졌기 때문이다
 ‘삼천피(코스피지수 3,000)’ 시대를 연 증시 호황과 동학 개미 군단의 주식 투자 열풍에 힘입은 증권사를 중심으로 비은행 부문이 약진한 결과다
 도를 넘는 정치 금융 움직임에 역대급 증시 호황과 실적 호조 전망에도 은행주는 ‘소외주’ 신세를 벗지 못하고 있다"	"[4일부터 지난해 잠정실적 발표]신한 3조5,000억·KB 3조 4,925억리딩금융 경쟁 막판까지 안갯속코로나 금융지원에 대손 부담 커져4대銀 모두 마이너스 실적 예상[서울경제] 국내 주요 금융지주가 신종 코로나바이러스 감염증(코로나19) 사태 속에서도 지난해 역대 최대의 호실적을 거둔 것으로 전망됐다
 ‘삼천피(코스피지수 3,000)’ 시대를 연 증시 호황과 동학 개미 군단의 주식 투자 열풍에 힘입은 증권사를 중심으로 비은행 부문이 약진한 결과다
 반면 코로나19 관련 각종 금융 지원과 잠재 부실 부담 등으로 어깨가 무거운 은행은 일제히 마이너스 실적을 면치 못했다
 은행권은 올해 본격적인 가계대출 규제 강화가 예고된데다 선거를 앞두고 ‘은행 이자 중단’ ‘이익공유제 동참’ 등 정치권의 압박 수위가 높아지고 있어 앞으로도 험로가 불가피한 형편이다
 도를 넘는 정치 금융 움직임에 역대급 증시 호황과 실적 호조 전망에도 은행주는 ‘소외주’ 신세를 벗지 못하고 있다
31일 금융권에 따르면 2월 4일 KB금융(105560)을 시작으로 5일 신한·하나·우리금융이 나란히 지난해 잠정 실적을 발표한다
 금융 정보 업체 에프앤가이드가 집계한 증권가 추정치를 보면 신한금융이 지난해 연간 3조 5,067억 원, KB금융이 3조 4,925억 원의 당기순이익을 거둘 것으로 전망됐다
 각각 전년보다 3%, 5.5% 늘어난 규모다
 두 그룹 간 실적 전망치 격차가 크게 좁혀지면서 마지막까지 ‘리딩금융’ 경쟁의 결과를 단정하기 어렵게 됐다
하나금융은 지난해 2조 5,246억 원의 당기순이익이 예상된다
 전년보다 5.6%가량 증가해 4대 금융 가운데 가장 높은 성장세를 이어갈 것이라는 분석이다
 지난해 두드러졌던 원화 강세에 힘입어 1,100억 원가량의 일회성 외화환산이익도 기대된다
우리금융은 전년보다 25% 감소한 1조 4,034억 원의 당기순이익으로 유일하게 마이너스 실적을 거둘 것으로 전망된다
 다른 금융 그룹들이 주식 투자 열풍에 따른 증권사 수수료 이익 증가, 코로나19 사태로 인한 보험 손해율 개선 등 비은행 부문에서 깜짝 성장을 일궜으나 증권·보험 자회사가 없는 우리금융은 주력사인 은행의 부진이 고스란히 전체 그룹 실적으로 이어졌다
지난해 4대 은행은 일제히 마이너스 실적이 예상된다
 키움증권에 따르면 국민은행(2조 2,750억 원)이 전년보다 6.1%, 신한은행(1조 8,910억 원)이 8.7% 감소한 당기순이익을 거둘 것으로 전망됐다
 하나은행(1조 8,110억 원)과 우리은행(1조 3,400억 원)은 각각 감소 폭이 13.1%, 11%에 달했다
 코로나19 사태에 대응한 기준금리 인하로 순이자마진(NIM)이 바닥을 친데다 금융 지원 정책에 따라 대규모 원리금 유예에 나서면서 대손비용 부담이 커졌기 때문이다
코로나19 금융 지원에 따른 대손비용은 올해도 은행권 실적에 부담 요소다
 전배승 이베스트투자증권 연구원은 “모든 이자 상환 유예대출이 부실화돼 20%의 추가 충당금을 적립한다고 가정하면 4대 은행 기준 대손비용률은 평균 0.04%포인트, 지주의 자기자본이익률(ROE)은 평균 0.2%포인트 하락할 것으로 예상된다”며 “상환 유예 조치를 연장할 경우 한계차주의 재무 여건이 취약해짐에 따라 은행의 대손 부담이 더욱 가중될 가능성이 높다”고 분석했다
가계대출 추가 규제와 거세지는 ‘정치 금융’ 압박은 더 큰 리스크다
 특히 금융 당국이 코로나19 충격에 대비해 더 많은 충당금을 쌓고 배당은 축소하라고 권고해온 상황에 정치권은 오히려 은행이 이자를 받지 말고 이익도 환원해야 한다고 공론화하면서 불확실성을 키우고 있다
 금융권의 한 관계자는 “코스피가 사상 최고치를 경신하는 가운데서도 금융주의 시장 수익률은 코스피를 30% 이상 밑돌며 코로나 위기 이전 수준도 회복하지 못하고 있다”며 “금융의 공공성을 내세운 정치권의 개입이 가장 큰 우려 요인”이라고 말했다
/빈난새 기자 binthere@sedaily
com▶ 상위 1% 투자자 픽! [주식 초고수는 지금]▶ 전문가에게 듣는 성공 방정식 [투자의 창]▶ 네이버 채널에서 '서울경제' 구독해주세요!저작권자 ⓒ 서울경제, 무단 전재 및 재배포 금지	"	https://news.naver.com/main/read.nhn?mode=LSD&mid=sec&sid1=101&oid=011&aid=0003865126	2021-02-01
금융당국+보험	금융당국, 은행 이어 보험사에도 보수적 배당성향 권고	"     31일 금융당국에 따르면 금융감독원은 최근 보험사 임원들과 만나 신종 코로나바이러스 감염증(코로나19) 사태를 고려한 배당 문제를 논의했다
		(서울=연합뉴스) 김남권 기자 = 금융당국이 은행에 이어 보험사에도 보수적인 배당성향을 권고했다
     코로나19 사태 장기화로 경제 불확실성이 커진 만큼 이에 상응하는 배당을 해야 한다는 것이 금융당국의 시각이다"	"		(서울=연합뉴스) 김남권 기자 = 금융당국이 은행에 이어 보험사에도 보수적인 배당성향을 권고했다
     31일 금융당국에 따르면 금융감독원은 최근 보험사 임원들과 만나 신종 코로나바이러스 감염증(코로나19) 사태를 고려한 배당 문제를 논의했다
     금감원은 보험사들에 배당성향을 최근 3년 평균 수준으로 유지하라는 권고를 한 것으로 알려졌다
     코로나19 사태 장기화로 경제 불확실성이 커진 만큼 이에 상응하는 배당을 해야 한다는 것이 금융당국의 시각이다
     금융당국 관계자는 ""보험사들이 당기순이익을 냈더라도 회사별로 잠재 리스크가 있다는 분석 자료를 토대로 보험사들을 접촉했다""며 ""수익이 코로나 부양책 영향을 받은 측면도 있을 수 있어 코로나 사태 이전의 배당 수준을 초과하지 않아야 한다는 점을 얘기했다""고 말했다
     배당성향은 배당금을 당기순이익으로 나눈 것을 말한다
 배당성향이 높다는 것은 기업이 벌어들인 소득에서 주주들에게 그만큼 많이 돌려줬다는 얘기다
    금융당국은 최근 은행권에는 올해 6월 말까지 순이익의 20% 이내로 배당할 것을 권고한 바 있다
 금융감독원[금융감독원 제공]    kong79@yna
co
kr▶네이버에서도 뉴스는 연합뉴스[구독 클릭]▶[팩트체크]성관계영상 유포 '재촬영물'은 처벌불가?▶제보하기<저작권자(c) 연합뉴스(https://www
yna
co
kr/), 무단 전재-재배포 금지>	"	https://news.naver.com/main/read.nhn?mode=LSD&mid=sec&sid1=101&oid=001&aid=0012174574	2021-02-01
금융당국+보험	2금융권 대출 급증에도 당국은 규제 '미온적'	"   이처럼 2금융권의 대출 규모가 급증한 것은 지난해 하반기 시중은행의 대출 규제가 강화되면서 저신용·저소득 취약차주들이 2금융권으로 대거 발길을 돌리는 '풍선효과'가 나타났기 때문이란 분석이다
   31일 금융권에 따르면 지난 6개월간(작년 7월~12월) 상호금융, 보험, 저축은행, 여신전문금융사(카드사) 등 2금융권 가계대출의 증가액은 약 16조원에 달했다
   이런 상황에도 불구하고 금융당국은 시중은행에 적용했던 대출 규제를 2금융권엔 당분간 하지 않을 것으로 알려졌다"	"6개월간 2금융권 가계대출 약 16조 증가 시중은행 대출규제 따른 풍선효과 당국은 2금융권 대출규제 안 할 방침 취약차주 생활자금 수요 등 감안  [파이낸셜뉴스] 최근 제2금융권의 가계대출이 급증했지만, 금융당국은 시중은행과 달리 2금융권 대출 규제는 당분간 하지 않을 방침이다
 시중은행 대출은 자산 투자를 위한 수요가 많아 어느 정도 관리가 필요하지만, 2금융권 대출은 생활자금 등을 위한 수요가 많아 섣부른 규제가 오히려 독이 될 수 있기 때문이란 분석이다
   31일 금융권에 따르면 지난 6개월간(작년 7월~12월) 상호금융, 보험, 저축은행, 여신전문금융사(카드사) 등 2금융권 가계대출의 증가액은 약 16조원에 달했다
 이는 지난해 초(1월~6월) 2금융권 가계대출이 오히려 4조4000억원 감소했던 것과 크게 대비되는 모습이다
 2금융권 가운데 저축은행의 가계대출 증가액이 5조5000억원으로 가장 많았고, 카드사의 가계대출 증가액은 4조3000억원이었다
   이처럼 2금융권의 대출 규모가 급증한 것은 지난해 하반기 시중은행의 대출 규제가 강화되면서 저신용·저소득 취약차주들이 2금융권으로 대거 발길을 돌리는 '풍선효과'가 나타났기 때문이란 분석이다
 아울러 코로나19가 장기화하면서 생활자금 수요가 크게 높아진 측면도 있다
   이런 상황에도 불구하고 금융당국은 시중은행에 적용했던 대출 규제를 2금융권엔 당분간 하지 않을 것으로 알려졌다
 무엇보다 시중은행과 저축은행의 대출 성격이 상이한 것으로 판단하기 때문이다
 시중은행의 경우 주식 투자 열풍 등에 따른 대출이 많지만, 2금융권은 투자보단 생활이나 사업자금 목적의 대출이 많은 것으로 전해졌다
   금융당국 관계자는 ""동학개미운동, 영끌 등으로 대변되는 시중은행의 대출 수요는 규제가 불가피하고 충분히 관리 가능한 측면도 있지만, 2금융권 대출은 기본적으로 중·저신용자 위주의 생계형에 기반을 두다 보니 (시중은행과는) 다르게 바라볼 필요가 있다""며 ""만약, 2금융권 대출을 섣불리 규제했다가는 대출 수요자들을 대부업체로 내몰리게 하는 등의 큰 폐해가 있을 수 있어 신중하게 접근해야 한다""고 말했다
   한편, 금융당국은 주요 시중은행들이 제출한 올해 가계대출 증가율 목표치를 검토 중이다
 각 은행이 먼저 제시한 목표치를 토대로 금융당국은 여러 제반상황을 반영한 적절한 목표치를 다시 제시한다는 계획이다
 금감원 관계자는 ""은행이 제출한 가계대출 증가율 목표치를 연간, 월간으로 살펴보는 중""이라며 ""조만간 가이드라인을 결정할 것""이라고 전했다
 앞서 금융당국은 지난해 2금융권에도 재작년 대비 강화된 대출 총량규제 목표치를 내려 보냈다가 거둬들인 바 있다
    kschoi@fnnews
com 최경식 기자   ▶ 헉! 소리나는 스!토리 뉴스 [헉스]▶ '아는 척'하고 싶은 당신을 위한 [두유노우]▶ 날로먹고 구워먹는 금융이슈 [파인애플]  ※ 저작권자 ⓒ 파이낸셜뉴스
 무단 전재-재배포 금지	"	https://news.naver.com/main/read.nhn?mode=LSD&mid=sec&sid1=101&oid=014&aid=0004575530	2021-02-01
금융당국+보험	당국압박·주주 반발 사이 낀 금융사들 '난감'	"31일 금융업계에 따르면 금융위원회가 지난 28일 은행권에 ‘순이익의 20% 이내 배당’을 권고한 데 이어 금융감독원은 보험사별 배당계획을 파악하고 있는 것으로 알려졌다
은행 이어 보험사도 배당 자제령보험업계 호실적에도 배당은 줄어'배당 막고 이익은 공유하라니'개인·외국인 항의 쇄도[이데일리 이진철 김인경 기자] 금융당국의 ‘배당 자제령’이 은행에 이어 보험사 등 금융업계 전반으로 확산하면서 주주들이 크게 반발하고 있다
 실제로 지난 29일 지난해 실적을 발표한 삼성생명은 연결기준 당기순이익이 1조3705억원으로 전년 대비 30.3% 증가하는 호실적을 기록했지만 배당금은 지난해보다 5% 감소한 수준에서 결정됐다"	"은행 이어 보험사도 배당 자제령보험업계 호실적에도 배당은 줄어'배당 막고 이익은 공유하라니'개인·외국인 항의 쇄도[이데일리 이진철 김인경 기자] 금융당국의 ‘배당 자제령’이 은행에 이어 보험사 등 금융업계 전반으로 확산하면서 주주들이 크게 반발하고 있다
 주주들이 배당을 통해 이익을 나눠 갖는 것은 막으면서 금융사의 이익을 불특정 다수를 위해 기부 등의 형식으로 내놓으라는 주장이 납득하기 어렵다는 분위기다
31일 금융업계에 따르면 금융위원회가 지난 28일 은행권에 ‘순이익의 20% 이내 배당’을 권고한 데 이어 금융감독원은 보험사별 배당계획을 파악하고 있는 것으로 알려졌다
 금융당국 관계자는 “금융지주에 20% 배당권고 이야기를 했기 때문에 보험업계도 방향을 맞춰서 해야 한다는 공감대가 있다”고 말했다
 [연합뉴스 제공]은행에 이어 금융당국의 압박을 받는 보험업계는 난감해하고 있다
 보험사들은 우려와 달리 호실적을 냈다
 금감원에 따르면 지난해 3분기까지 보험업계 당기순이익은 5조5747억원으로 전년 같은 기간보다 3195억원(6.1%) 늘었다
 실제로 지난 29일 지난해 실적을 발표한 삼성생명은 연결기준 당기순이익이 1조3705억원으로 전년 대비 30.3% 증가하는 호실적을 기록했지만 배당금은 지난해보다 5% 감소한 수준에서 결정됐다
 삼성생명은 2020회계연도 배당금은 보통주 1주당 2500원이며, 배당금 총액은 4489억원으로 결정했다
 이는 직전년도 주당 배당금 2650원, 배당금 총액 4758억원보다 줄어든 규모다
 배당성향도 37%에서 35.5%로 줄었다
 오는 4일 KB금융지주, 5일 신한금융지주, 우리금융지주, 하나금융지주 등 2020회계연도 실적발표가 예정된 금융지주사들도 배당 축소가 불가피할 전망이다
 신한·KB·하나·우리 등 4대 은행지주들은 지난해 25~27%의 배당성향을 보였다
 우리금융지주(1조8722억원 중 5056억원)가 27%로 가장 높았고 KB금융지주(3조3118억원 중 8610억원)와 하나금융지주(2조3916억원 중 6165억원)는 26%, 신한금융지주(3조4035억원 중 8839억원)는 25%였다
 에프앤가이드에 따르면 지난해 주요 금융지주사의 순이익 추정치는 KB금융 3조5245억원, 신한금융지주 3조5932억원, 하나금융지주 2조5648억원, 우리금융지주 1조6223억원이다
 하나금융투자는 보고서에서 KB금융과 우리금융, 하나금융의 배당성향은 약 19.5~20% 내외, 신한지주는 21.5~22%에서 결정될 것으로 예상했다
 금융업계 관계자는 “일부 금융지주사는 경영진이 자사주를 사들이는 등 주가 부양 노력에 나서고 있다”면서 “그러나 배당 축소로 외국인을 비롯한 주주들이 이탈하면 주가에 부정적인 영향을 끼칠 것”이라고 지적했다
배당 자제 권고안에 NH농협금융도 난처하기는 마찬가지다
 농협금융은 농협중앙회가 지분 100%를 보유하고 있다
 농협중앙회는 농협금융의 배당을 바탕으로 조합원인 농민들에게 배당을 지급한다
 배당이 줄면 농민 지원도 줄어든다
 농협금융은 금융당국이 배당 권고에서 중소기업 지원을 이유로 KDB산업은행이나 IBK기업은행을 제외한 만큼, 농협 역시 특수성이 있다는 점을 호소할 계획이다
  정부의 배당 축소 권고는 정치권에서 흘러나오는 금융사 이익공유제 참여 요구와 얽혀 주주들로부터 더 큰 반발을 사고 있다
 여당과 금융권은 서민금융법을 개정하고 사회연대기금 차원에서 금융취약계층에 사용되는 ‘서민금융기금’ 규모를 5000억원으로 확대하는 방안을 협의 중이다
 이에 따라 5000억원을 마련하려면 은행 등이 적어도 1100억원 이상을 새로 출연해야 할 것으로 전망된다
일부 금융지주사의 투자자 대응·관리 부서에는 개인과 외국인 투자자들의 배당·이익공유제 관련 문의도 쇄도하고 있는 것으로 전해졌다
 한 금융지주 관계자는 “정부의 배당 성향 20% 이내 권고와 이익공유 차원에서 서민금융기금 등에 기부 형태로 참여할 것인지를 묻는 전화가 많다”고 말했다
 일부 금융지주는 만일의 소송에 대비해 주주 이익을 줄이는 대신 불특정 다수를 위해 기금에 출연하는 경영행위 등에 위법 소지가 있는지 검토에 들어갔다
[그래픽=이데일리 이미나 기자]이진철 (cheol@edaily
co
kr)▶ #24시간 빠른 #미리보는 뉴스 #eNews+▶ 네이버에서 '이데일리 뉴스'를 만나보세요▶ 빡침해소, 청춘뉘우스 '스냅타임'＜ⓒ종합 경제정보 미디어 이데일리 - 무단전재 & 재배포 금지＞"	https://news.naver.com/main/read.nhn?mode=LSD&mid=sec&sid1=101&oid=018&aid=0004842077	2021-02-01
금융당국+보험	[보험 인싸되기]급성장한 달러보험…원금손실 위험 알고 있나요?	"[아시아경제 오현길 기자] 저금리 시대 대체투자를 위해 외화보험에 대한 관심이 늘어나자 금융당국은 환율변동에 따라 손실이 발생할 수 있다며 소비자 주의를 내렸다
31일 보험연구원이 내놓은 '해외 외화보험시장 성장 및 정책대응과 국내 시사점' 보고서를 보면, 작년 상반기까지 생명보험사 외화보험 누적 판매량은 3조2000억원에 달하며, 최근 3년 사이 연평균 73.2% 증가했다
[이미지출처=연합뉴스]일본은 저금리 장기화, 내외금리차 확대, 자산분배 다양화 수요 등으로 2016년 이후 외화보험 판매가 크게 증가했으며, 대만도  외화보험 상품이 시장에 출시, 2017~2018년에 높은 판매 증가율을 기록했다"	"		[편집자주] 어려운 보험, 설명을 들어도 알쏭달쏭한 보험에 대한 정석 풀이
 내게 안맞는 보험이 있을 뿐 세상에 나쁜 보험(?)은 없습니다
 알기쉬운 보험 설명을 따라 가다보면 '보험 인싸'가 되는 길 멀지 않습니다
[아시아경제 오현길 기자] 저금리 시대 대체투자를 위해 외화보험에 대한 관심이 늘어나자 금융당국은 환율변동에 따라 손실이 발생할 수 있다며 소비자 주의를 내렸다
우리보다 앞서 외회보험 열풍이 불었던 일본이나 대만에서도 소비자 문제가 발생하자 이를 개선하기 위한 보완장치가 도입됐다
31일 보험연구원이 내놓은 '해외 외화보험시장 성장 및 정책대응과 국내 시사점' 보고서를 보면, 작년 상반기까지 생명보험사 외화보험 누적 판매량은 3조2000억원에 달하며, 최근 3년 사이 연평균 73.2% 증가했다
외화보험 상품 중 저축성 외화보험 누적판매량은 전체 외화보험의 85%에 달한다
특히 개인의 외화자산 수요 변화를 가늠할 수 있는 개인 외화예금 적립금도 지난해 12월 기준 198억달러로 사상 최대치를 기록했다
외화보험은 계약자가 외화로 납입한 보험료를 해외채권 중심으로 운용한 후 만기 시 자국통화로 환전하여 보험금을 받는 상품으로, 만기 시 환율변화에 따라 환차손이 발생할 수 있다
[이미지출처=연합뉴스]일본은 저금리 장기화, 내외금리차 확대, 자산분배 다양화 수요 등으로 2016년 이후 외화보험 판매가 크게 증가했으며, 대만도  외화보험 상품이 시장에 출시, 2017~2018년에 높은 판매 증가율을 기록했다
외화보험 판매가 늘자 관련 민원도 증가했다
 일본의 경우 2019년 기준 외화보험 관련 민원은 2822건으로, 최근 8년 동안 4.7배 증가했고, 전체 민원 중 판매과정에서 원금손실위험 등에 대한 설명이 불충분하여 제기된 민원이 67%를 차지했다
이에 외화보험 판매과정 중 발생할 수 있는 소비자 보호 문제를 해결하기 위해 고령계약자 보호조치, 판매자격 관리, 가입절차 개선, 수수료체계 검토, 공시제도 개선 등의 조치를 시행했다
대만 생명보험협회도 외화보험 모집자격 시험을 도입하고, 판매 과정에서 상품설명 의무를 강화하는 등 자율운영규정을 제정, 금융감독위원회(FSC)는 건전한 외화보험 사업 운영을 위해 판매자격 요건과 운영상 주의사항을 발표하기도 했다
변혜원 보험연구원 연구위원은 ""외화보험이 소비자와 보험사 모두에게 유용한 보험상품으로 자리매김할 수 있도록 해외에서 나타난 문제점과 정책대응을 참고해 국내 상황에 적합한 조치를 고려해야 할 것""이라고 당부했다
오현길 기자 ohk0414@asiae
co
kr▶ 2021년 신축년(辛丑年) 신년운세와 토정비결은?▶ 발 빠른 최신 뉴스, 네이버 메인에서 바로 보기▶ 2021년부터 이렇게 달라진다! 필수 체크!<ⓒ경제를 보는 눈, 세계를 보는 창 아시아경제 무단전재 배포금지>	"	https://news.naver.com/main/read.nhn?mode=LSD&mid=sec&sid1=101&oid=277&aid=0004838759	2021-02-01
금융당국+보험	보험료 10% 낮춘 온라인 전용 대리기사 보험 나왔다	"29일부터 연 96만원 대리기사 개인보험 출시대리운전보험 조회시스템도 가동[아시아경제 기하영 기자]대리기사 보험료 부담을 약 10%가량 낮춘 온라인 전용 대리운전 개인보험이 출시됐다
30일 업계에 따르면 금융당국은 최근 이 같은 내용을 담은 '대리기사 보험료 부담 완화 방안'을 공개했다
대리운전 시스템업체 중 콜마너를 이용하는 대리업체·기사는 29일부터 시스템에 접속해 개인정보를 등록할 수 있으며 대리콜은 2월 5일부터 가능하다"	"29일부터 연 96만원 대리기사 개인보험 출시대리운전보험 조회시스템도 가동[아시아경제 기하영 기자]대리기사 보험료 부담을 약 10%가량 낮춘 온라인 전용 대리운전 개인보험이 출시됐다
 대리기사의 단체보험 중복가입을 확인할 수 있는 조회시스템도 운영된다
30일 업계에 따르면 금융당국은 최근 이 같은 내용을 담은 '대리기사 보험료 부담 완화 방안'을 공개했다
 올해 주요 업무계획 중 하나인 보험의 사적 안전망 기능 강화에 따른 조치다
현재 전국적으로 약 10만명의 대리기사와 4000여 개 수준의 대리운전업체가 영업중이다
 하지만 대리기사가 개인보험에 가입하더라도 해당 사실을 대리운전 업체가 확인할 수 없어 복수의 단체보험에 중복가입하는 문제가 지속돼왔다
 대리기사를 위한 개인보험 역시 보험료가 높아 전체 대리운전보험 중 개인보험이 차지하는 비중은 7%(2020년 말 기준)에 불과하다
이에 금융당국은 현행 단체보험보다 보험료가 약 10% 저렴한 온라인(CM) 전용 개인보험을 출시했다
 모집수수료 등 사업비를 줄여 연 96만원 내외 보험료를 내면된다
 지난 29일 종전 113만원이던 보험료가 96만원으로 15% 줄어든 개인보험 상품이 출시됐으며, 오는 3월에도 보험료 100만원의 대리운전 개인보험이 출시될 예정이다
금융당국은 대리운전 개인보험에도 보험료 할인·할증제도를 도입하기로 했다
 할인·할증 등급은 총 10단계로 구성될 예정이며, 올해 개인보험에 가입한 대리기사가 대리운전 중 사고가 발생할 경우 내년 대리운전 보험료가 할증되고, 무사고시에는 보험료를 할인해주는 구조다
대리운전 개인보험 조회시스템도 가동대리운전업체가 대리기사의 개인보험 가입 여부를 실시간으로 확인할 수 있는 '대리운전 개인보험 가입조회시스템'도 지난 29일 오픈했다
 개인보험에 가입한 대리기사가 조회시스템에 접속해 본인 개인정보 입력·정보활용 동의를 거치면 대리업체가 보험가입 여부를 확인한 이후에 대리콜을 배정하는 방식이다
대리운전 시스템업체 중 콜마너를 이용하는 대리업체·기사는 29일부터 시스템에 접속해 개인정보를 등록할 수 있으며 대리콜은 2월 5일부터 가능하다
 로지(바나플), 아이콘소프트, 카카오모빌리티 등 다른 업체들은 2~3월 중 전산연결을 거쳐 서비스할 예정이다
아울러 대리운전업체의 불공정거래행위에 대한 관리·감독도 강화하기로 했다
 대리운전업체가 보험사로부터 단체보험 모집수수료를 받거나, 실제 보험료 보다 많은 보험료를 수취해 단체보험을 강제할 유인이 있다는 지적에 따른 조치다
금융위 관계자는 ""대리운전보험 중복가입 문제 해소를 통해 특수형태근로종사자인 대리기사 보험료 부담이 크게 완화될 수 있을 것으로 기대한다""며 ""대리운전보험 보장사각지대 해소는 물론 질 높은 대리운전 서비스 환경이 조성될 것""이라고 말했다
기하영 기자 hykii@asiae
co
kr▶ 2021년 신축년(辛丑年) 신년운세와 토정비결은?▶ 발 빠른 최신 뉴스, 네이버 메인에서 바로 보기▶ 2021년부터 이렇게 달라진다! 필수 체크!<ⓒ경제를 보는 눈, 세계를 보는 창 아시아경제 무단전재 배포금지>	"	https://news.naver.com/main/read.nhn?mode=LSD&mid=sec&sid1=101&oid=277&aid=0004838585	2021-02-01
금감원+보험	보험사도 ‘배당 자제령’…금융당국, '주주권한 침해' 논란	" 보험업계의 지난해 실적 개선은 저축성보험 중심으로 보험금이 늘어났고 코로나19로 국민들이 외부활동을 줄이면서 자동차보험과 실손의료보험의 손해율이 하락했기 때문으로 분석된다
 하지만 정부의 배당 삭감 권고와 여권의 이익공유제 참여 압박에 주주들은 크게 반발하고 있다
 31일 금융업계에 따르면 금융위원회가 지난 28일 은행권에 ‘순이익의 20% 이내 배당’을 권고한 데 이어 금융감독원은 보험사별 배당계획을 파악하고 있는 것으로 알려졌다"	"금감원, 보험사 배당계획 파악 중주주총회서 결정한 사항이지만금융사, 금융당국 무시 어려워 '난감'금융감독원 로고[이데일리DB][이데일리 이진철 김인경 기자] 금융당국의 ‘배당 자제령’이 은행에 이어 보험사 등 금융업계 전반으로 확산하고 있다
 일부 금융사들은 지난해 코로나19 사태 속에서도 수익성이 좋아져 배당 여력이 늘었다
 그동안 은행주를 비롯한 금융주들은 대표적인 고배당주로 꼽혀왔다
 하지만 정부의 배당 삭감 권고와 여권의 이익공유제 참여 압박에 주주들은 크게 반발하고 있다
 31일 금융업계에 따르면 금융위원회가 지난 28일 은행권에 ‘순이익의 20% 이내 배당’을 권고한 데 이어 금융감독원은 보험사별 배당계획을 파악하고 있는 것으로 알려졌다
 금융당국 관계자는 “금융지주에 20% 배당권고 이야기를 했기 때문에 보험업계도 방향을 맞춰야 한다는 공감대가 있다”고 말했다
 보험업계의 지난해 실적 개선은 저축성보험 중심으로 보험금이 늘어났고 코로나19로 국민들이 외부활동을 줄이면서 자동차보험과 실손의료보험의 손해율이 하락했기 때문으로 분석된다
 보험업계 관계자는 “이익 증가로 배당 여력이 늘더라도, 금융당국의 배당 자제 권고 등의 영향을 받으면서 전년과 비슷한 수준의 배당금 규모를 정할 것으로 보인다”고 말했다
 금융당국은 은행권에는 코로나19 사태로 향후 대출 연체 등 금융시스템 건전성이 우려되는 만큼 주주 배당을 줄여 재원을 충분히 확보하라고 주문하고 있다
 배당 권고안이 구두가 아닌 공식적으로 나온 건 이번이 처음이다
 금융권 관계자는 “최종적으로는 3월 주주총회에서 결정될 사안이지만 금융당국의 권고를 대놓고 무시할 수 있는 금융지주와 은행은 없을 것”이라고 말했다
 정부의 배당 축소 권고는 정치권에서 흘러나오는 금융사 이익공유제 참여 요구와 얽혀 주주들로부터 더 큰 반발을 사고 있다
 한 금융지주 관계자는 “정부의 배당 성향 20% 이내 권고와 이익공유 차원에서 서민금융기금 등에 기부 형태로 참여할 것인지를 묻는 전화가 많다”면서 “만일의 소송에 대비해 위법 소지가 있는지 검토에 들어간 곳도 있다”고 말했다
이진철 (cheol@edaily
co
kr)▶ #24시간 빠른 #미리보는 뉴스 #eNews+▶ 네이버에서 '이데일리 뉴스'를 만나보세요▶ 빡침해소, 청춘뉘우스 '스냅타임'＜ⓒ종합 경제정보 미디어 이데일리 - 무단전재 & 재배포 금지＞"	https://news.naver.com/main/read.nhn?mode=LSD&mid=sec&sid1=101&oid=018&aid=0004842076	2021-02-01
금감원+보험	[발칙한 금융] 사모펀드 검사했던 금감원 임원, 제재심으로··· 은행 '우려...	"사모펀드 은행 검사했던 김동성 부원장보'은행→전략·감독' 이동해 제재심 지휘업계, 은행장 제재 수위 강화되나 '촉각'[서울경제] 금융감독원이 사모펀드 관련 첫 징계대상으로 기업은행에 대한 제재심의위원회를 개최한 가운데 금감원이 담당 임원을 교체해 업계의 이목이 쏠린다
/연합뉴스업계에서는 금감원이 라임펀드, 디스커버리 펀드 등을 판매한 은행장에 일제히 중징계를 내릴지 주목하고 있다
30일 금융당국 및 금융권에 따르면 금감원은 지난 28일 이진석 전략·감독 부원장보와 김동성 은행 부원장보의 보직을 변경했다"	"사모펀드 은행 검사했던 김동성 부원장보'은행→전략·감독' 이동해 제재심 지휘업계, 은행장 제재 수위 강화되나 '촉각'[서울경제] 금융감독원이 사모펀드 관련 첫 징계대상으로 기업은행에 대한 제재심의위원회를 개최한 가운데 금감원이 담당 임원을 교체해 업계의 이목이 쏠린다
 은행의 사모펀드 관련 검사를 총괄했던 임원이 제재심을 담당하는 분야로 이동한 것이다
 업계는 금감원이 은행권에 대한 징계 수위를 강화하려는 신호 아니냐며 우려의 시선을 보내고 있다
30일 금융당국 및 금융권에 따르면 금감원은 지난 28일 이진석 전략·감독 부원장보와 김동성 은행 부원장보의 보직을 변경했다
 이 부원장보가 전략·감독에서 은행으로, 김 부원장보가 은행에서 전략·감독부원장보로 이동한 것이다
이같은 소식이 전해지면서 업계는 당장 긴장하는 분위기다
 김 부원장보가 지난해 은행 부문을 맡으면서 일반은행검사국, 특수은행검사국을 통해 라임펀드, 디스커버리펀드 등 사모펀드를 판매한 신한·하나·우리·KDB산업·IBK기업은행 등의 검사를 지휘했기 때문이다
 검사 내용을 속속 아는 김 부원장보가 제재심을 총괄하는 전략·감독으로 이동함에 따라 향후 제재심 논의과정에서 은행에 대한 징계 수위가 강화될 수 있다
 금감원은 지난 28일 기업은행을 시작으로 2분기 내 신한·하나·우리·산업·부산은행에 제재심을 개최할 예정이다
/연합뉴스업계에서는 금감원이 라임펀드, 디스커버리 펀드 등을 판매한 은행장에 일제히 중징계를 내릴지 주목하고 있다
 금융사 임원이 금감원으로부터 해임권고, 직무정지, 문책경고, 주의적 경고, 주의 중 문책경고 이상의 징계를 받으면 금융사 임원은 3~5년간 금융권 취업이 불가능하다
 은행으로선 중징계를 받는 것 자체가 부담일뿐만 아니라 행장의 임기에도 영향을 받는다는 입장이다
 은행이 금감원의 징계 결정 이후 행정소송을 감수하는 것도 이 때문이다
 실제로 DLF 사태 당시 금감원으로부터 중징계를 받은 손태승 우리금융지주회장과 함영주 하나금융그룹 부회장은 제재에 불복해 징계 취소 행정소송과 효력정지 가처분을 내기도 했다
 금융권의 한 관계자는 “결국 (이번 인사는) 금감원이 사모펀드로 논란이 된 은행장에게 중징계를 내리겠다는 강한 의지로 해석된다”며 “은행장들이 금감원을 상대로 줄줄이 소송하는 일이 벌어질 것”이라고 말했다
은행권에 대한 제재심 외에도 최근 조직 개편으로 김 부원장보의 권한이 강화됐다는 분석도 나온다
 앞서 금감원은 IT·핀테크전략국과 핀테크혁신실을 디지털금융검사국과 디지털금융감독국으로 개편하고 디지털금융 감독의 강화를 선언했다
 디지털금융감독국은 IT·전자금융업자 등에 대한 감독을 전담하고 신규 인허가 수요에 대응한다
 디지털금융검사국은 IT·전자금융업자·마이데이터 사업자에 대한 검사를 맡는다
 분산 운영돼온 신용정보 및 개인정보 보호 관련 전담 감독·검사팀도 디지털금융감독 및 검사국으로 이관했다
최근 신종 코로나바이러스 감염증(코로나19)으로 언택트(비대면)가 빠르게 자리잡으면서 관련 금융감독의 수요와 필요성도 커진 데 따른 조직 개편이었다
 이 업무들이 모두 김 부원장보의 전략감독 부문에 포함되면서 김 부원장보에 힘이 실리게 됐다는 것이다
 윤석헌 금감원장이 평소 김 부원장보를 신임한 데 따른 행보로 해석되는 배경이다
이에 대해 금감원은 두 부원장보의 경험과 전문성 등을 고려한 인사 조치였다고 설명했다
 김 부원장보는 보험감독원으로 입사해 금감원에서 보험검사국, 기획조정국, 감독총괄국 등을 거쳤다
 이 부원장보는 은행감독국, 자산운용감독국, 특수은행검사국 등을 거쳤다
 금감원은 ""제재심은 위원장이 수석부원장으로 최종 의사 결정에 담당 부원장보 변경의 영향이 크지 않다""며 ""이번 임원인사 이동으로 은행에 대한 제재심에는 관련이 없다""고 전했다
/김지영 기자 jikim@sedaily
com▶ 상위 1% 투자자 픽! [주식 초고수는 지금]▶ 전문가에게 듣는 성공 방정식 [투자의 창]▶ 네이버 채널에서 '서울경제' 구독해주세요!저작권자 ⓒ 서울경제, 무단 전재 및 재배포 금지	"	https://news.naver.com/main/read.nhn?mode=LSD&mid=sec&sid1=101&oid=011&aid=0003864868	2021-02-01
금감원+보험	"""소액암에서 전이된 암보험금도 지급해라""…분쟁신청·소송 잇따라"	" 판결이 난지 1년이 지났지만 소액암 가입자 중 소멸시효가 남은 가입자들은 이 판결에 주목하고 있다
 이에 따라 2019년 말 이후 가입한 소액암보험 가입자들에 대해서는 분쟁이 나오지 않을 것으로 보고 있다
금감원은 2019년말까지 소액암을 판매한 일부 생명·손해보험사가 보험금 지급에 대한 약관이 명확하지 않았다는 점을 지적했다"	"소액암에서 전이된 암 보험금 지급 관련 소송 진행중즉시연금과 닮은꼴…생·손보 얽혀 있어 보험금지급 규모 커보험사별 약관과 치료방법 등 케이스별로 따져 분쟁최근 소액암에서 전이된 이차성암 보험금 지급과 관련된 분쟁·소송이 잇따르고 있다
 이차 전이암 보험금 지급 분쟁은 즉시연금처럼 일괄적으로 구제가 될 수 있는 사안이 아니지만 보험금 지급 규모가 크기 때문에 보험업계는 전이암 관련 소송이 확대될 것을 우려하고 있다
31일 금융당국의 금융분쟁조정결정서에 따르면 지난 2019년 12월 24일 금융감독원은 갑상선암 등 소액암에서 전이된 이차성암 또한 모두 보험금을 지급해야 한다고 판결했다
 판결이 난지 1년이 지났지만 소액암 가입자 중 소멸시효가 남은 가입자들은 이 판결에 주목하고 있다
금감원은 2019년말까지 소액암을 판매한 일부 생명·손해보험사가 보험금 지급에 대한 약관이 명확하지 않았다는 점을 지적했다
 해당 사례는 금융당국에 꾸준하게 민원이 제기되고 있다
2016년 동양생명의 암보험에 가입한 A씨는 갑상선암 진단을 받고 같은해 림프절로 전이됐는데 A씨는 일반암에 해당하는 1000만원을 청구했지만 동양생명은 원발부위인 '갑상선암'에 해당하는 200만원만 지급했다
 당시 A씨는 차액을 달라며 분쟁조정을 신청했었다
이후 금감원은 분조위(분쟁조정위원회)를 열어 보험금 지급 관련 약관과 원발부위 기준(갑상선암)의 설명의무를 이행했는지 여부를 확인했다
 금감원은 ""보험금 지급 대상인 원발부위 기준 조항에 '갑상선암'이 명시되지 않아 갑상선암을 원발암으로 볼수 없어 전이된 암까지 암보험금을 지급해야 한다""고 결론지었다
 해당 분조례가 나오자 지난해에 이어 올해도 관련 분쟁신청이 증가하고 있고 일부 가입자는 소액암에서 전이된 사례로 소송도 진행하고 있다
2019년 말, 금감원의 분조위 판결로 대부분의 보험사들은 지난해 약관을 수정해 원발암에 대한 암보험 항목을 명시하기 시작했다
 이에 따라 2019년 말 이후 가입한 소액암보험 가입자들에 대해서는 분쟁이 나오지 않을 것으로 보고 있다
 다만 2019년 이전 소액암보험 가입자들은 보험약관과 진단서 내용에 따라 민원, 분쟁, 소송 등의 방법을 진행할 수 있다
  금감원 분쟁조정국 관계자는 ""보험금 지급 소멸시효가 남은 가입자들은 분쟁을 신청하면 소멸시효가 중단되기 때문에 보험금을 우선 청구해보고 해결이 안되면 금감원에 분쟁을 신청할 수 있다""고 말했다
 최근 이렇게 대응하는 가입자들이 크게 늘어 금감원도 사례를 검토하고 있다
2019년 말 진행한 (동양생명 건) 분조위 판결과 비교해 유사한 점이 있다면 신청인이 보험금을 지급받을 수 있도록 의견을 제시해주고 있다
 즉시연금처럼 일괄구제는 어렵지만 보험사 약관과 실제 사례를 비교해 구제할 수 있는 부분을 확인해주고 있다는 게 금감원 입장이다
금감원 관계자는 ""애초에 소액암 보험금 지급 관련 '원발암'에 대한 문구가 빠진 것이 문제였다""면서 ""약관도 회사마다 다르고 치료방향도 다른 사안이라 계속 분쟁청구 신청이 들어오고 있다""고 말했다
 한편 보험금지급제한 조건에 대해서 설명의무도 포함되있는데, 객관적으로 설계사가 설명을 안한 것이 확인이 되면 손해배상청구할 수 있는 사항도 분조례에 적혀있다
  보험업계 전문가는 소액암의 경우 보험금이 200만원 가량인데 2019년 말 이전 소액암보험 약관은 원발암에 대한 문구가 명확하지 않아 최대 1000만원 이상 더 받을 수 있어 관련 문의가 많은 상황이라고 말한다
 아울러 분조위 결정이 나온만큼 회사는 소송으로 갈 가능성도 높다고 덧붙였다
 보험업계 관계자는 ""해당 분조위 판결은 즉시연금과 유사한 판결이지만 암보험은 생명·손해보험 업계 모두 연관이 있고 최근까지도 많이 팔아왔던 상품이라 액수가 굉장히 크다""면서 ""하급심 판례에서 엇갈리는 사례도 있지만 금감원 취지처럼 애당초 약관에 적혀 있으면 문제가 안되는데 보험금 지급관련 문구가 명확하지 않은 곳이 많다""고 말했다
그는 ""소액암보험을 설계할 때 위험률 등을 산정을 해 상품을 설계했는데 분쟁조정 신청이나 보험금지급 소송이 더 커지면 보험사도 금감원 권고처럼 대응하기 어려울 것""이라고 말했다
강민성기자 kms@dt
co
kr 디지털타임스 채널 구독 / 뉴스스탠드 구독디지털타임스 홈페이지 바로가기"	https://news.naver.com/main/read.nhn?mode=LSD&mid=sec&sid1=101&oid=029&aid=0002652573	2021-02-01
금감원+보험	"""코 성형 잘못했다간 보험사기 공범 된다?"""	" 최근 성형수술 수요가 높아지면서 실손보험을 이용해 쌍꺼풀이나 코 수술 등을 하는 사례가 꾸준히 늘고 있다
 이는 '보험사기'에 해당하지만 보험 가입자들은 병원 측 말만 듣고 수술을 진행해 사실상 보험사기 '공범'이 되고 있다
 최근 금융감독원은 인터넷에 보험사기를 조장하는 게시물이 잇따르자 소비자 경보(주의)를 발령하기도 했다"	"[사진 출처 = 연합뉴스] # 직장인 이 모씨(27)는 최근 친구가 실손의료보험 보장을 받아 코 수술을 100만원에 했다는 소식을 듣고 성형외과 한 곳을 추천받았다
 병원에서 알아서 '비염 수술'로 꾸며 300만~400만원에 이르는 코 수술을 100만원에 받도록 처리해준다는 것이다
 이씨는 ""조만간 병원에 상담하러 가려고 고민하고 있다""고 말했다
 최근 성형수술 수요가 높아지면서 실손보험을 이용해 쌍꺼풀이나 코 수술 등을 하는 사례가 꾸준히 늘고 있다
 예뻐지려는 성형수술을 '치료' 목적으로 꾸며 보험사에 보험금을 청구하면서다
 이는 '보험사기'에 해당하지만 보험 가입자들은 병원 측 말만 듣고 수술을 진행해 사실상 보험사기 '공범'이 되고 있다
 실손보험은 성형수술이라면 수술비를 보장해주지 않지만 치료 목적 수술은 보험금을 준다
 예컨대 미용이 목적인 쌍꺼풀 수술은 보장받을 수 없지만, 안검하수(눈꺼풀 처짐증)나 안검내반(속눈썹 눈 찌름)으로 쌍꺼풀 수술을 한다면 보장받는 식이다
 코 성형수술을 비염 수술로 둔갑시켜 실손보험을 청구할 수도 있다
 실제 온라인 성형 커뮤니티에서는 실손보험 청구가 가능한 병원을 공유하는 글이 상당수다
 문제는 이렇게 보험사를 속여 실손보험을 타내는 것이 '보험사기'에 해당된다는 점이다
 최근 금융감독원은 인터넷에 보험사기를 조장하는 게시물이 잇따르자 소비자 경보(주의)를 발령하기도 했다
 금감원 관계자는 ""인터넷에 검색되는 내용인데 괜찮겠지라는 안이한 생각이 자신을 범죄자로 만들 수 있다""고 했다
 [이새하 기자]▶ 네이버 메인에서 '매일경제'를 받아보세요▶ 궁금한 제조과정 영상으로 보세요
 '이렇게 만들죠'▶ 아파트 살까 청약할까
 여기서 확인하세요
 '매부리tv'[ⓒ 매일경제 & mk
co
kr, 무단전재 및 재배포 금지]	"	https://news.naver.com/main/read.nhn?mode=LSD&mid=sec&sid1=101&oid=009&aid=0004741911	2021-02-01
금융감독원+보험	보험사도 ‘배당 자제령’…금융당국, '주주권한 침해' 논란	" 보험업계의 지난해 실적 개선은 저축성보험 중심으로 보험금이 늘어났고 코로나19로 국민들이 외부활동을 줄이면서 자동차보험과 실손의료보험의 손해율이 하락했기 때문으로 분석된다
 하지만 정부의 배당 삭감 권고와 여권의 이익공유제 참여 압박에 주주들은 크게 반발하고 있다
 31일 금융업계에 따르면 금융위원회가 지난 28일 은행권에 ‘순이익의 20% 이내 배당’을 권고한 데 이어 금융감독원은 보험사별 배당계획을 파악하고 있는 것으로 알려졌다"	"금감원, 보험사 배당계획 파악 중주주총회서 결정한 사항이지만금융사, 금융당국 무시 어려워 '난감'금융감독원 로고[이데일리DB][이데일리 이진철 김인경 기자] 금융당국의 ‘배당 자제령’이 은행에 이어 보험사 등 금융업계 전반으로 확산하고 있다
 일부 금융사들은 지난해 코로나19 사태 속에서도 수익성이 좋아져 배당 여력이 늘었다
 그동안 은행주를 비롯한 금융주들은 대표적인 고배당주로 꼽혀왔다
 하지만 정부의 배당 삭감 권고와 여권의 이익공유제 참여 압박에 주주들은 크게 반발하고 있다
 31일 금융업계에 따르면 금융위원회가 지난 28일 은행권에 ‘순이익의 20% 이내 배당’을 권고한 데 이어 금융감독원은 보험사별 배당계획을 파악하고 있는 것으로 알려졌다
 금융당국 관계자는 “금융지주에 20% 배당권고 이야기를 했기 때문에 보험업계도 방향을 맞춰야 한다는 공감대가 있다”고 말했다
 보험업계의 지난해 실적 개선은 저축성보험 중심으로 보험금이 늘어났고 코로나19로 국민들이 외부활동을 줄이면서 자동차보험과 실손의료보험의 손해율이 하락했기 때문으로 분석된다
 보험업계 관계자는 “이익 증가로 배당 여력이 늘더라도, 금융당국의 배당 자제 권고 등의 영향을 받으면서 전년과 비슷한 수준의 배당금 규모를 정할 것으로 보인다”고 말했다
 금융당국은 은행권에는 코로나19 사태로 향후 대출 연체 등 금융시스템 건전성이 우려되는 만큼 주주 배당을 줄여 재원을 충분히 확보하라고 주문하고 있다
 배당 권고안이 구두가 아닌 공식적으로 나온 건 이번이 처음이다
 금융권 관계자는 “최종적으로는 3월 주주총회에서 결정될 사안이지만 금융당국의 권고를 대놓고 무시할 수 있는 금융지주와 은행은 없을 것”이라고 말했다
 정부의 배당 축소 권고는 정치권에서 흘러나오는 금융사 이익공유제 참여 요구와 얽혀 주주들로부터 더 큰 반발을 사고 있다
 한 금융지주 관계자는 “정부의 배당 성향 20% 이내 권고와 이익공유 차원에서 서민금융기금 등에 기부 형태로 참여할 것인지를 묻는 전화가 많다”면서 “만일의 소송에 대비해 위법 소지가 있는지 검토에 들어간 곳도 있다”고 말했다
이진철 (cheol@edaily
co
kr)▶ #24시간 빠른 #미리보는 뉴스 #eNews+▶ 네이버에서 '이데일리 뉴스'를 만나보세요▶ 빡침해소, 청춘뉘우스 '스냅타임'＜ⓒ종합 경제정보 미디어 이데일리 - 무단전재 & 재배포 금지＞"	https://news.naver.com/main/read.nhn?mode=LSD&mid=sec&sid1=101&oid=018&aid=0004842076	2021-02-01
금융감독원+보험	"이익공유제에 배당까지 축소…금융지주 ""배임될라"" 법률검토"	" 금감원은 코로나19로 영업 환경이 불확실한 점과 새로운 회계제도(IFRS17) 도입 등을 이유로 내세운 것으로 전해졌다
 31일 금융권에 따르면 최근 주요 금융지주사의 투자자 관리(IR) 담당 부서에 투자자들의 배당·이익공유제 관련 문의가 이어지고 있다
 정부의 이 같은 배당 축소 권고는 정치권에서 추진 중인 금융사 이익공유제 참여 요구와 얽혀 주주들에게 더 큰 반발을 사고 있다"	"금감원 ""보험사도 배당 축소"" 이익공유제에 이어 배당 축소 압박까지 받고 있는 금융지주들이 이 같은 외부 요구 사항을 따랐을 때 법적인 문제는 없는지 검토 작업에 착수했다
 31일 금융권에 따르면 최근 주요 금융지주사의 투자자 관리(IR) 담당 부서에 투자자들의 배당·이익공유제 관련 문의가 이어지고 있다
 이 같은 문의는 크게 두 가지로 하나는 금융위원회가 최근 권고한 '배당성향 20% 이내', 다른 하나는 정치권의 이익공유제 중 하나로 추진되고 있는 서민금융기금에 기부하는 행위다
 KB·신한·우리·하나 등 4대 금융지주의 작년 평균 배당성향은 26.1%였다
 정부의 이 같은 배당 축소 권고는 정치권에서 추진 중인 금융사 이익공유제 참여 요구와 얽혀 주주들에게 더 큰 반발을 사고 있다
 한 금융지주사 관계자는 ""재정건전성을 위해 배당을 줄여 충격 흡수에 필요한 재원을 확보하라면서 동시에 금융지주사가 이익을 스스로 내놓으라고 요구하는 것은 상호 모순""이라고 지적했다
 아직 금융권의 이익공유제 참여 여부와 규모 등이 확정되지 않았지만 금융지주사들은 이런 주주들의 반발 움직임을 예의 주시하며 내부적으로 법률 검토 등을 진행하고 있다
 정부나 정치권 등 외부 압력에 따라 금융사가 피해를 입었다고 생각되면 일부 주주가 경영진을 형법상 업무상 배임 혐의로 고발하거나 상법상 주주대표소송을 제기할 가능성이 있기 때문이다
최근 금융감독원은 금융지주에 이어 보험사에도 배당을 자제하라고 권고했다
 배당성향을 최근 3년 평균 수준으로 유지하라는 것이다
 금감원은 코로나19로 영업 환경이 불확실한 점과 새로운 회계제도(IFRS17) 도입 등을 이유로 내세운 것으로 전해졌다
 보험사들은 코로나19 영향으로 수익성이 좋아졌지만 당국의 권고를 받아들일 것으로 알려졌다
 [문일호 기자 / 이새하 기자]▶ 네이버 메인에서 '매일경제'를 받아보세요▶ 궁금한 제조과정 영상으로 보세요
 '이렇게 만들죠'▶ 아파트 살까 청약할까
 여기서 확인하세요
 '매부리tv'[ⓒ 매일경제 & mk
co
kr, 무단전재 및 재배포 금지]	"	https://news.naver.com/main/read.nhn?mode=LSD&mid=sec&sid1=101&oid=009&aid=0004742046	2021-02-01
금융감독원+보험	사상초유의 '은행 배당 권고'…관치에 멍든 금융권	" 금융당국이 코로나19 사태를 명분으로 민간금융사의 경영에 개입하거나 주주권리를 훼손하는 사례가 잇따르고 있다는 지적이다
1일 금융권에 따르면, 시중은행을 비롯한 금융사 내부에선 당국의 유례없는 경영개입과 관련해 ""해도해도 너무 한다""는 불만 섞인 목소리가 울리고 있다
 특히 일부 금융사에선 외국인 주주들이 금융당국의 관치와 정치권 간섭에 대한 우려를 전달한 것으로 나타났다"	"은행권 작년 배당보다 5~7%P가량 낮출 듯…""주주가치 훼손""여권 이익공유제 압박하는데…""일관성 없는 개입이 더 문제""여의도 금융가 모습
(자료사진) ⓒ데일리안금융위원회가 금융지주와 은행들의 배당성향을 20% 아래로 낮추라고 권고한 것을 두고 금융권에 관치 논란이 불거지고 있다
 금융당국이 코로나19 사태를 명분으로 민간금융사의 경영에 개입하거나 주주권리를 훼손하는 사례가 잇따르고 있다는 지적이다
1일 금융권에 따르면, 시중은행을 비롯한 금융사 내부에선 당국의 유례없는 경영개입과 관련해 ""해도해도 너무 한다""는 불만 섞인 목소리가 울리고 있다
 특히 일부 금융사에선 외국인 주주들이 금융당국의 관치와 정치권 간섭에 대한 우려를 전달한 것으로 나타났다
금융지주사 한 임원은 ""우리은행을 제외한 주요 금융지주들의 외국인 지분율이 전부 50%를 넘는데, 이들이 '너희 정부 왜 그러느냐'는 불만을 표시했다고 한다""면서 ""한국 금융시장 사정을 알고 있었겠지만 이 정도인 줄을 몰랐다는 뉘앙스""라고 말했다
또 다른 관계자는 ""코로나19 사태 이후 금융의 공적 역할에 대한 요구가 과도하게 커지면서 시장 논리에 역행하는 수준으로 가고 있다""면서 ""글로벌 시장에서 한국금융시장 최대 리스크는 금융당국 관치와 정치권 개입으로 평가될 것""이라고 꼬집었다
특히 일부 금융지주들은 정부여당의 과도한 개인데 따른 소송 등에 대비해 주주 이익을 줄이는 대신 불특정 다수를 위해 기금에 출연하는 경영행위 등에 위법 소지가 있는지 검토 작업에 착수한 것으로 알려졌다
현재 주요 금융지주사의 투자자 대응·관리 부서에 개인과 외국인 투자자들의 배당·이익공유제 관련 문의와 항의가 이어지는 등 금융사 주주들의 불만이 표출되고 있기 때문이다
 이들은 ""정부가 민간금융사에 배당을 권고하는 게 공산주의 국가에서나 있는 일 아니냐""며 거세게 반발하고 있다
더욱이 금융당국의 배당 자제 권고가 은행에 이어 보험사 등 금융업계 전반으로 확산하는 분위기다
 금융감독원은 지난달 말 보험사 임원들과 만나 이 같은 기조를 설명한 것으로 알려졌다
금융당국은 코로나19 사태 여파로 경제 불확실성이 커진 만큼 금융사들이 돈을 배당에 쓸게 아니라 충당금을 쌓아야 한다고 압박하고 있다
 그동안 금융당국은 금융사 배당에 대해 구두 권고를 한 적은 있지만, 금융위 정례회의에서 권고안을 공식적으로 의결한 것은 이번이 처음이다
금융위는 유럽연합(EU)과 영국 미국 등 해외 감독당국도 코로나19 사태를 계기로 보수적인 자본관리를 권고하고 있다고 설명했다
 금융위 관계자는 ""코로나19가 장기화할 경우 일부 은행의 자본 여력이 충분하지 않을 수 있다""면서 ""당분간 보수적인 자본 관리가 필요하다""고 했다
다만 금융당국의 배당제한 권고가 이익공유제와는 모순된다는 점에서 설득력을 얻지 못하고 있다
 민주당이 금융권을 향해 노골적으로 이익공유제 참여를 압박하고 있는데도 금융당국은 ""우려스럽다""는 원론적인 반응조차 내지 않고 있다
 금융권에선 ""자본시장 논리와 금융상식을 뛰어넘는 주장""이라고 보고 있다
금융권 관계자는 ""최근 주식시장에서 다 오르는데 은행 주가만 제자리걸음인 것은 금융당국 관치와 여당 간섭의 결과""라며 ""외국인 주주들을 비롯한 불만이 커지면서 우리나라 금융시장 신뢰도 문제로 확산할 수 있다""고 지적했다
데일리안 이충재 기자 (cj5128@empal
com)▶ 데일리안 네이버 구독하기▶ 데일리안 만평보기▶ 제보하기ⓒ (주)데일리안 - 무단전재, 변형, 무단배포 금지	"	https://news.naver.com/main/read.nhn?mode=LSD&mid=sec&sid1=101&oid=119&aid=0002464930	2021-02-01
금융감독원+보험	"""소액암에서 전이된 암보험금도 지급해라""…분쟁신청·소송 잇따라"	" 판결이 난지 1년이 지났지만 소액암 가입자 중 소멸시효가 남은 가입자들은 이 판결에 주목하고 있다
 이에 따라 2019년 말 이후 가입한 소액암보험 가입자들에 대해서는 분쟁이 나오지 않을 것으로 보고 있다
금감원은 2019년말까지 소액암을 판매한 일부 생명·손해보험사가 보험금 지급에 대한 약관이 명확하지 않았다는 점을 지적했다"	"소액암에서 전이된 암 보험금 지급 관련 소송 진행중즉시연금과 닮은꼴…생·손보 얽혀 있어 보험금지급 규모 커보험사별 약관과 치료방법 등 케이스별로 따져 분쟁최근 소액암에서 전이된 이차성암 보험금 지급과 관련된 분쟁·소송이 잇따르고 있다
 이차 전이암 보험금 지급 분쟁은 즉시연금처럼 일괄적으로 구제가 될 수 있는 사안이 아니지만 보험금 지급 규모가 크기 때문에 보험업계는 전이암 관련 소송이 확대될 것을 우려하고 있다
31일 금융당국의 금융분쟁조정결정서에 따르면 지난 2019년 12월 24일 금융감독원은 갑상선암 등 소액암에서 전이된 이차성암 또한 모두 보험금을 지급해야 한다고 판결했다
 판결이 난지 1년이 지났지만 소액암 가입자 중 소멸시효가 남은 가입자들은 이 판결에 주목하고 있다
금감원은 2019년말까지 소액암을 판매한 일부 생명·손해보험사가 보험금 지급에 대한 약관이 명확하지 않았다는 점을 지적했다
 해당 사례는 금융당국에 꾸준하게 민원이 제기되고 있다
2016년 동양생명의 암보험에 가입한 A씨는 갑상선암 진단을 받고 같은해 림프절로 전이됐는데 A씨는 일반암에 해당하는 1000만원을 청구했지만 동양생명은 원발부위인 '갑상선암'에 해당하는 200만원만 지급했다
 당시 A씨는 차액을 달라며 분쟁조정을 신청했었다
이후 금감원은 분조위(분쟁조정위원회)를 열어 보험금 지급 관련 약관과 원발부위 기준(갑상선암)의 설명의무를 이행했는지 여부를 확인했다
 금감원은 ""보험금 지급 대상인 원발부위 기준 조항에 '갑상선암'이 명시되지 않아 갑상선암을 원발암으로 볼수 없어 전이된 암까지 암보험금을 지급해야 한다""고 결론지었다
 해당 분조례가 나오자 지난해에 이어 올해도 관련 분쟁신청이 증가하고 있고 일부 가입자는 소액암에서 전이된 사례로 소송도 진행하고 있다
2019년 말, 금감원의 분조위 판결로 대부분의 보험사들은 지난해 약관을 수정해 원발암에 대한 암보험 항목을 명시하기 시작했다
 이에 따라 2019년 말 이후 가입한 소액암보험 가입자들에 대해서는 분쟁이 나오지 않을 것으로 보고 있다
 다만 2019년 이전 소액암보험 가입자들은 보험약관과 진단서 내용에 따라 민원, 분쟁, 소송 등의 방법을 진행할 수 있다
  금감원 분쟁조정국 관계자는 ""보험금 지급 소멸시효가 남은 가입자들은 분쟁을 신청하면 소멸시효가 중단되기 때문에 보험금을 우선 청구해보고 해결이 안되면 금감원에 분쟁을 신청할 수 있다""고 말했다
 최근 이렇게 대응하는 가입자들이 크게 늘어 금감원도 사례를 검토하고 있다
2019년 말 진행한 (동양생명 건) 분조위 판결과 비교해 유사한 점이 있다면 신청인이 보험금을 지급받을 수 있도록 의견을 제시해주고 있다
 즉시연금처럼 일괄구제는 어렵지만 보험사 약관과 실제 사례를 비교해 구제할 수 있는 부분을 확인해주고 있다는 게 금감원 입장이다
금감원 관계자는 ""애초에 소액암 보험금 지급 관련 '원발암'에 대한 문구가 빠진 것이 문제였다""면서 ""약관도 회사마다 다르고 치료방향도 다른 사안이라 계속 분쟁청구 신청이 들어오고 있다""고 말했다
 한편 보험금지급제한 조건에 대해서 설명의무도 포함되있는데, 객관적으로 설계사가 설명을 안한 것이 확인이 되면 손해배상청구할 수 있는 사항도 분조례에 적혀있다
  보험업계 전문가는 소액암의 경우 보험금이 200만원 가량인데 2019년 말 이전 소액암보험 약관은 원발암에 대한 문구가 명확하지 않아 최대 1000만원 이상 더 받을 수 있어 관련 문의가 많은 상황이라고 말한다
 아울러 분조위 결정이 나온만큼 회사는 소송으로 갈 가능성도 높다고 덧붙였다
 보험업계 관계자는 ""해당 분조위 판결은 즉시연금과 유사한 판결이지만 암보험은 생명·손해보험 업계 모두 연관이 있고 최근까지도 많이 팔아왔던 상품이라 액수가 굉장히 크다""면서 ""하급심 판례에서 엇갈리는 사례도 있지만 금감원 취지처럼 애당초 약관에 적혀 있으면 문제가 안되는데 보험금 지급관련 문구가 명확하지 않은 곳이 많다""고 말했다
그는 ""소액암보험을 설계할 때 위험률 등을 산정을 해 상품을 설계했는데 분쟁조정 신청이나 보험금지급 소송이 더 커지면 보험사도 금감원 권고처럼 대응하기 어려울 것""이라고 말했다
강민성기자 kms@dt
co
kr 디지털타임스 채널 구독 / 뉴스스탠드 구독디지털타임스 홈페이지 바로가기"	https://news.naver.com/main/read.nhn?mode=LSD&mid=sec&sid1=101&oid=029&aid=0002652573	2021-02-01
금융감독원+보험	"""코 성형 잘못했다간 보험사기 공범 된다?"""	" 최근 성형수술 수요가 높아지면서 실손보험을 이용해 쌍꺼풀이나 코 수술 등을 하는 사례가 꾸준히 늘고 있다
 이는 '보험사기'에 해당하지만 보험 가입자들은 병원 측 말만 듣고 수술을 진행해 사실상 보험사기 '공범'이 되고 있다
 최근 금융감독원은 인터넷에 보험사기를 조장하는 게시물이 잇따르자 소비자 경보(주의)를 발령하기도 했다"	"[사진 출처 = 연합뉴스] # 직장인 이 모씨(27)는 최근 친구가 실손의료보험 보장을 받아 코 수술을 100만원에 했다는 소식을 듣고 성형외과 한 곳을 추천받았다
 병원에서 알아서 '비염 수술'로 꾸며 300만~400만원에 이르는 코 수술을 100만원에 받도록 처리해준다는 것이다
 이씨는 ""조만간 병원에 상담하러 가려고 고민하고 있다""고 말했다
 최근 성형수술 수요가 높아지면서 실손보험을 이용해 쌍꺼풀이나 코 수술 등을 하는 사례가 꾸준히 늘고 있다
 예뻐지려는 성형수술을 '치료' 목적으로 꾸며 보험사에 보험금을 청구하면서다
 이는 '보험사기'에 해당하지만 보험 가입자들은 병원 측 말만 듣고 수술을 진행해 사실상 보험사기 '공범'이 되고 있다
 실손보험은 성형수술이라면 수술비를 보장해주지 않지만 치료 목적 수술은 보험금을 준다
 예컨대 미용이 목적인 쌍꺼풀 수술은 보장받을 수 없지만, 안검하수(눈꺼풀 처짐증)나 안검내반(속눈썹 눈 찌름)으로 쌍꺼풀 수술을 한다면 보장받는 식이다
 코 성형수술을 비염 수술로 둔갑시켜 실손보험을 청구할 수도 있다
 실제 온라인 성형 커뮤니티에서는 실손보험 청구가 가능한 병원을 공유하는 글이 상당수다
 문제는 이렇게 보험사를 속여 실손보험을 타내는 것이 '보험사기'에 해당된다는 점이다
 최근 금융감독원은 인터넷에 보험사기를 조장하는 게시물이 잇따르자 소비자 경보(주의)를 발령하기도 했다
 금감원 관계자는 ""인터넷에 검색되는 내용인데 괜찮겠지라는 안이한 생각이 자신을 범죄자로 만들 수 있다""고 했다
 [이새하 기자]▶ 네이버 메인에서 '매일경제'를 받아보세요▶ 궁금한 제조과정 영상으로 보세요
 '이렇게 만들죠'▶ 아파트 살까 청약할까
 여기서 확인하세요
 '매부리tv'[ⓒ 매일경제 & mk
co
kr, 무단전재 및 재배포 금지]	"	https://news.naver.com/main/read.nhn?mode=LSD&mid=sec&sid1=101&oid=009&aid=0004741911	2021-02-01
보험업계	마이데이터 2차 예비허가, 이번엔 보험업계 등 도전 박차	"[디지털데일리 이상일기자] 27일 첫 마이데이터 사업자에 대한 본인가가 이뤄진 가운데 3월 중으로 예정돼있는 2차 마이데이터 예비허가 사업자 모집에 업계의 관심이 집중되고 있다
 관련업계에 따르면 교보생명, KB손해보험, 메리츠화재, 신한생명, 메트라이프생명 등이 마이데이터 예비허가 신청을 준비 중이다
 2차 예비허가에는 IBK기업은행, KDB산업은행 등 국책 및 공금융 역할을 수행하는 은행을 비롯해 저축은행, 보험사들의 신청이 이어질 것으로 전망된다"	"[디지털데일리 이상일기자] 27일 첫 마이데이터 사업자에 대한 본인가가 이뤄진 가운데 3월 중으로 예정돼있는 2차 마이데이터 예비허가 사업자 모집에 업계의 관심이 집중되고 있다
 2차 예비허가에는 IBK기업은행, KDB산업은행 등 국책 및 공금융 역할을 수행하는 은행을 비롯해 저축은행, 보험사들의 신청이 이어질 것으로 전망된다
 여기에 1차 허가에서 탈락한 핀테크 업체들이 재정비를 통해 다시 한번 마이데이터 시장을 두드릴 것으로 전망된다
 가장 활발한 움직임을 보이고 있는 곳은 보험권이다
 관련업계에 따르면 교보생명, KB손해보험, 메리츠화재, 신한생명, 메트라이프생명 등이 마이데이터 예비허가 신청을 준비 중이다
 보험권의 경우 마이데이터에 거는 기대가 남다르다
 마이데이터를 통해 개인별 맞춤 보험가입 프로세스 등의 서비스가 가능해지기 때문이다
 보험사들에게 가장 중요한 건 고객과 연결할 수 있는 연락처다
 그래야 설계사들이 온오프라인 상에서 고객과의 접점을 이끌어낼 수 있기 때문이다
 그동안 보험사들은 이러한 연락처를 알아내기 위해 플랫폼 기업과의 협력을 통해 이벤트 등을 진행해 연락처를 확보해왔지만 한계가 있었다
 한 보험권 관계자는 “마이데이터 사업에 참여를 하게 되면 다양한 정보들이 보험사로 넘어가 고객들한테 상품 맞춤형으로 진행해 줄 수 있다”며 “과거 보험사에서는 어떤 설계사가 어떤 고객에게 맞는지에 대한 데이터 분석 알고리즘을 많이 만들어냈다
 그럼에도 불구하고 보험사가 가지고 있는 데이터들은 얼마 없는 상황이다
 가입할 때 사용하는 정보 외에 다른 데이터들을 구하기가 되게 어려웠는데 마이데이터를 통해 고객에게 더 다가설 수 있는 접근의 방법들이 다양해질 수 있다”고 설명했다
 은행권에선 지방은행 등의 참여여부가 관심이다
 BNK금융그룹, DGB금융그룹, JB금융그룹 등 지방 금융그룹은 마이데이터 인허가 참여를 추진해왔지만 이번 1차 인허가 과정에는 참여하지 않았다
 지방은행의 경우 핵심 고객의 이탈을 막고 수도권 등지에서 새로운 고객 확보를 위해선 강력한 마케팅 툴이 필요한 상황이다
 업계에서는 마이데이터를 통한 맞춤형 고객 접점 포인트 확보에 지방은행들이 관심을 보일 것으로 전망하고 있다
 다만 초반에 마이데이터 사업에 직접 뛰어들기 보다는 데이터거래 중계 서비스를 활용해 자사의 서비스와 상품을 보다 고도화하는데 초점을 맞출 것이란 관측도 나온다
 한편 2차 예비허가를 준비하는 기업들에게 가장 중요한 것은 대주주 적격성에 대한 결격사유 여부와 물적 요건 확보 방안이다
 1차 허가 과정에서 드러난 주요 심사 포인트를 바탕으로 사업을 준비할 것으로 보인다
  현재 신용정보법 감독규정에 따라 마이데이터 신청 회사의 지분을 10% 이상 보유한 모회사가 당국으로부터 제재를 받거나 소송을 진행 중일 경우 심사가 중단되는데 금융당국이 이에 대한 완화를 검토하고 있지만 불확실성은 여전히 존재하는 상황이다
 이 때문에 카카오페이와 핀크 등 마이데이터 사업을 진행하고 있던 핀테크 업체들도 발목을 잡힌 상황이다
  대주주 적격성 외에도 정보보호와 보안체계 마련 등 IT투자가 필요한 물적시설 요건을 충족시키는 것도 중요하다는 지적이다
 <이상일 기자>2401@ddaily
co
kr▶ 네이버에서 디지털데일리 채널 구독하기▶ IT정보의 즐거운 업그레이드 [딜라이트닷넷]<저작권자 © 디지털데일리 무단전재-재배포금지>	"	https://news.naver.com/main/read.nhn?mode=LSD&mid=sec&sid1=105&oid=138&aid=0002098292	2021-02-01
보험+디지털	디지털 공습에...작년 금융권 취업자 역대 최저	" 젊은 층을 중심으로 능동적으로 정보를 찾아다니며 인터넷·모바일로 신용카드를 발급받는 사람이 늘어나고 코로나19로 대면 영업도 제약을 받으면서 카드 모집인 수도 빠르게 줄고 있다
이는 금융의 디지털화가 빠르게 진행되면서 금융사들이 인력을 줄이고 있기 때문으로 풀이된다
31일 통계청 고용동향에 따르면 지난해 금융 및 보험업 취업자는 77만 8,000명으로 1년 전보다 2만 2,000명 감소했다"	"금융·보험업 취업자 77.8만명2013년 이후 최저···감소율 2.7%[서울경제] 금융권에 디지털 바람이 거세게 불면서 지난 1년간 일자리가 2만 2,000개나 증발한 것으로 나타났다
31일 통계청 고용동향에 따르면 지난해 금융 및 보험업 취업자는 77만 8,000명으로 1년 전보다 2만 2,000명 감소했다
 이는 비교 가능한 지난 2013년 이후 가장 적은 규모다
 금융 및 보험업은 높은 임금에 고용 안정성도 높아 양질의 일자리로 평가받고 있다
 2013년 87만 8,000명으로 정점을 찍은 후 문재인 정부가 출범한 2017년 79만 4,000명까지 하락했다
 이듬해 84만 명으로 급반등하더니 이후 2년 연속 가파르게 감소했다
금융 및 보험업 취업자는 은행원, 보험설계사, 카드 모집인 등을 말한다
 지난해 신종 코로나바이러스 감염증(코로나19)의 여파로 전체 취업자 수가 줄어든 것도 있지만 금융 및 보험업 일자리 감소율은 특히 컸다
 지난해 감소율은 2.7%로 전체 취업자 감소율(-0.8%)을 세 배 이상 웃돌았다
이는 금융의 디지털화가 빠르게 진행되면서 금융사들이 인력을 줄이고 있기 때문으로 풀이된다
 지점이 하나도 없어 비용 면에서 월등한 경쟁력을 지닌 카카오뱅크 등 인터넷은행이 약진하자 시중은행은 파격적인 조건으로 희망퇴직을 실시하고 신입 공채 규모는 줄이며 인력을 감축하고 있다
 KB국민·신한·하나·우리·NH농협은행에서는 지난해 말과 올해 초에 걸쳐 실시된 희망퇴직으로 2,000여 명이 짐을 싼 것으로 추정된다
카드 모집인 역시 빠르게 줄고 있다
 젊은 층을 중심으로 능동적으로 정보를 찾아다니며 인터넷·모바일로 신용카드를 발급받는 사람이 늘어나고 코로나19로 대면 영업도 제약을 받으면서 카드 모집인 수도 빠르게 줄고 있다
 신한·삼성·국민·현대·롯데·우리·하나 등 7개 전업 카드사에 따르면 지난해 말 기준 이들 금융사의 신용카드 모집인 수는 9,217명으로 1년 새 2,165명이나 감소했다
 신용카드 모집인 수는 2016년 말 2만 2,872명에 달했지만 4년 새 무려 1만 3,655명이나 감소했다
금융권의 한 관계자는 “디지털 공습으로 금융사는 몸집 줄이기가 선택이 아닌 생존의 문제가 됐다”며 “앞으로도 일자리 감소세가 이어질 것”이라고 내다봤다
/이태규 기자 classic@sedaily
com▶ 상위 1% 투자자 픽! [주식 초고수는 지금]▶ 전문가에게 듣는 성공 방정식 [투자의 창]▶ 네이버 채널에서 '서울경제' 구독해주세요!저작권자 ⓒ 서울경제, 무단 전재 및 재배포 금지	"	https://news.naver.com/main/read.nhn?mode=LSD&mid=sec&sid1=101&oid=011&aid=0003865220	2021-02-01
보험+디지털	코로나 대유행에도 작년 주요 보험사 실적 '잔치'	"     두 생명보험사는 보험이익 증가와 운용자산 이익률 개선 등을 원인으로 꼽았다
     지난해 주요 보험사의 실적 '잔치'는 자동차보험 손해 감소와 은행의 저축성 보험(방카슈랑스) 판매 성장 등에 힘입은 결과라고 보험업계는 설명했다
     2019년에 '최악' 실적을 기록한 탓에 지난해 성장률이 높게 나타나는 '기저효과'가 생긴 것이라는 분석도 제기됐다"	"보험사 순이익 증가 (PG)[정연주 제작] 일러스트    (서울=연합뉴스) 하채림 기자 = 신종 코로나바이러스 감염증(코로나19) 대유행으로 한국경제가 외환위기 이후 처음 역성장을 하는 중에도 주요 보험사는 지난해 실적이 크게 개선됐다
     31일 보험업계에 따르면 지난해 손해보험사를 중심으로 이익이 대폭 증가했다
     삼성화재의 지난해 영업이익(연결 기준, 이하 동일)은 1조444억원으로 잠정 집계됐다
 2019년과 비교해 20.6%가 증가했다
     삼성화재는 ""보험영업이익 증가로 전체적 영업이익이 증가했다""고 밝혔다
    한화손해보험도 영업이익 703억원(잠정치)을 거뒀다
 2019년 941억원 영업 적자를 기록한 것과 비교해 눈에 띄는 성적이다
     한화손해보험은 ""보험영업이익(위험손해율 및 사업비)이 개선되고 투자영업수익이 증가했다""고 공시했다
     공시 전이지만 현대해상, DB손해보험, KB손해보험, 메리츠화재 등도 2019년보다 훨씬 나은 실적을 보고할 것으로 업계는 전망했다
     생명보험업계도 대형 보험사들이 예상을 웃도는 실적을 올린 것으로 나타났다
     삼성생명의 영업이익은 2019년보다 42.9% 늘어난 1조7천900억원이다
     한화생명은 영업이익이 무려 666.1% 폭증했다
     두 생명보험사는 보험이익 증가와 운용자산 이익률 개선 등을 원인으로 꼽았다
 한화생명은 자회사 한화손해보험의 실적이 개선된 덕도 봤다
     지난해 주요 보험사의 실적 '잔치'는 자동차보험 손해 감소와 은행의 저축성 보험(방카슈랑스) 판매 성장 등에 힘입은 결과라고 보험업계는 설명했다
     2019년에 '최악' 실적을 기록한 탓에 지난해 성장률이 높게 나타나는 '기저효과'가 생긴 것이라는 분석도 제기됐다
     보험업계 관계자는 ""2019년에 상대적으로 선방한 생명보험사를 보면 지난해 코로나19의 영향과 디지털 투자 등으로 실적은 부진한 편""이라며 ""자동차보험 보험료 인상과 사고 감소로 손해보험업계는 대체로 이익이 개선됐지만, 중소 생명보험사는 이익이 두 자릿수 감소하기도 하는 등 회사에 따라 편차가 크다""고 분석했다
     tree@yna
co
kr▶네이버에서도 뉴스는 연합뉴스[구독 클릭]▶[팩트체크]성관계영상 유포 '재촬영물'은 처벌불가?▶제보하기<저작권자(c) 연합뉴스(https://www
yna
co
kr/), 무단 전재-재배포 금지>	"	https://news.naver.com/main/read.nhn?mode=LSD&mid=sec&sid1=101&oid=001&aid=0012173435	2021-02-01
보험+디지털	[디지털 혁신 블루칩]모바일·PC 아우른 유일한 KB모바일인증서	" KB국민은행은 금융권에서 유일하게 'KB모바일인증서'를 선보이며 사설인증서 시장 다크호스로 부상했다
 금융기관 중 유일하게 국세청, 정부24, 국민신문고에서 자체 인증서를 사용할 수 있게 된 것이다
 비밀번호나 패턴 인식, 생체인증 등을 이용하는 추세와 달리 인증서는 여전히 복잡함과 번거로움을 안고 있었다"	"출시 후 18개월 만에 사용자 660만명 돌파발급절차 간소화


인터넷뱅킹과 연동유효기간 없어 갱신 불편함도 해소금융권 중 유일하게 공공기관 사용#지난해 12월 10일 전자서명법이 전면 개정 시행되면서 편리함을 앞세운 사설인증서 시장 무한경쟁이 시작됐다
 기존 공인인증서가 공동인증서로 명칭이 바뀌었고 은행권 중심 뱅크사인을 비롯해 페이코, 카카오, 패스(PASS) 등 다양한 사설인증서 간 경쟁이 시작됐다
 KB국민은행은 금융권에서 유일하게 'KB모바일인증서'를 선보이며 사설인증서 시장 다크호스로 부상했다
금융권에서는 2019년 7월 KB모바일인증서를 선보인 KB국민은행이 사설인증서 시장에 가장 적극 대응했다고 평가받는다
KB모바일인증서는 출시 후 18개월 만에 사용자 660만명을 돌파했다
 은행권 공동 인증서비스인 뱅크사인 가입자가 약 40만명임을 감안하면 단기간에 15배나 많은 사용자를 확보한 셈이다
그동안 금융 인증서는 발급 절차가 복잡하고 10자리에 달하는 비밀번호를 매번 입력하는 번거로움으로 끊임없이 개선 요구를 받아왔다
 무엇보다 금융 거래 시 OTP나 보안카드가 반드시 필요한 점이 불편한 사항으로 지적돼왔다
1년마다 인증서를 갱신하고 이를 각 금융사에 다시 등록해야 하는 번거로움도 상당했다
 비밀번호나 패턴 인식, 생체인증 등을 이용하는 추세와 달리 인증서는 여전히 복잡함과 번거로움을 안고 있었다
 보안 위협에 노출된 하드디스크나 잃어버리기 쉬운 이동식디스크에 저장하는 위험도 감수해야 했다
은행·보험과 증권용 인증서를 따로 발급받아야 하는 것도 상당한 불편함을 안겼다
 사용자가 두 개 인증서를 관리해야 하고 1년마다 각각 갱신한 후 각 금융사에 사용 등록을 해야 하기 때문이다
KB국민은행 관계자는 “인증서를 사용할 때 이런 불편한 점을 개선하기 위해 계속 관심을 가져왔다”며 “2018년 9월 국무회의에서 전자서명법 개정안을 심의한다는 소식을 듣고 미래 인증서 시장에 대응하기 위해 준비해 왔다”고 설명했다
KB국민은행은 인증서 안정성을 높이기 위해 국내 은행 중 유일하게 소프트웨어 보안뿐만 아니라 하드웨어에도 보안 기술을 적용했다
 모바일에서 지원할 수 있는 최대치 보안 기능을 활용한 것이다
 다른 사설인증서가 소프트웨어 보안만 구현한 것과 대조된다
 신뢰된 실행환경(TEE)이라는 독립된 보안영역에 인증서를 자동 저장시켜 신뢰도를 높이는 방식을 구현했다
◇설치는 쉽게, 거래는 간단하게KB국민은행은 모바일인증서를 선보임에 따라 첫 거래 고객도 영업점을 방문할 필요 없이 입출금통장 개설, 신규 인터넷뱅킹 가입, KB모바일인증서 발급이 가능하도록 했다
 본인 명의 휴대폰과 신분증만 있으면 개설할 수 있다
무엇보다 고객이 복잡하게 느껴온 발급단계를 최소화하는데 중점을 뒀다
 인증서 발급에 걸리는 시간은 1분 남짓에 불과하다
빠르게 인증서를 발급받은 후 실제 사용 단계도 기존 인증서와 확연히 다른 편리함을 구현했다
우선 스마트폰 환경에 최적화된 패턴, 지문, 페이스ID 중 선택하면 간편하게 로그인 할 수 있다
 10자리에 달하는 비밀번호를 입력하지 않아도 된다
금융거래 시 OTP나 보안카드가 필요 없다
 영업점을 방문해 보안카드나 OTP를 발급받거나 소지하고 다닐 필요가 없어졌다
 6자리 간편비밀번호만 입력하면 금융거래가 끝난다
KB국민은행 관계자는 “고객 금융자산을 보호하기 위해 일정금액 이상 업무 시 ARS 인증 등 추가 본인인증 절차는 거쳐야 한다”며 “보안성을 높이기 위해 필요한 조치”라고 설명했다
매년 인증서를 갱신해야 하는 불편함도 사라졌다
 KB모바일인증서는 유효기간이 지나면 갱신해야 하는 일부 다른 사설인증서나 공동인증서와 달리 별도 유효기간이 없다
 다만 비대면 금융거래 안전성을 위해 1년 동안 거래하지 않는 경우에는 재발급해야 한다
◇KB금융계열서 통용…외부 플랫폼과 연계 확대KB모바일인증서는 모바일뱅킹뿐만 아니라 인터넷뱅킹에서도 연동해 로그인할 수 있는 것이 차별화 요인이다
 다른 민간인증서가 모바일뱅킹에 초점을 두고 있어 PC 기반 인터넷뱅킹에서 연동되지 않는 것과 다르다
예를 들어 국세청 연말정산 간소화서비스 이용 시 KB모바일인증서를 사용하면 PC와 모바일에서 모두 연말정산 서비스를 이용할 수 있다
현재 KB금융그룹 5개 계열사에서 KB모바일인증서를 사용할 수 있다
 KB손해보험 대표앱과 다이렉트 앱·웹, KB생명보험, KB저축은행, KB증권, KB국민카드 등 다른 계열사에서 모바일인증서 기반 금융 거래를 할 수 있도록 통합인증체계를 구축했다
 업무 범위를 계속 확장해 모바일인증서 사용성을 높여나갈 계획이다
공공기관과 연계한 서비스도 점차 확대하고 있다
KB모바일인증서는 지난해 12월 21일 '공공분야 전자서명 시범사업'에 최종 선정됐다
 금융기관 중 유일하게 국세청, 정부24, 국민신문고에서 자체 인증서를 사용할 수 있게 된 것이다
 금융권과 공공기관에서 모두 사용할 수 있는 유일한 사설인증서다
국세청 로그인을 시작으로 정부24 연말정산용 주민등록등본 발급서비스, 국세청 홈택스 연말정산 간소화서비스, 국민신문고의 민원·제안 신청서비스를 KB모바일인증서로 이용할 수 있게 됐다
국민은행은 현재 은행 앱인 KB스타뱅킹과 마이머니에만 KB모바일인증서를 적용하고 있으나 앞으로 KB 계열사 앱으로 확대할 방침이다
KB국민은행은 “은행, 보험, 카드, 증권 등 다양한 금융 업무를 하나의 채널에서 처리해 KB금융그룹 계열사 간 시너지를 강화하는데 기여하려 한다”며 “외부 플랫폼과의 연계도 추진해 범용성을 확장해 나가겠다”고 말했다
배옥진기자 withok@etnews
com▶ 네이버 홈에서 [전자신문] 구독하기▶ 전자신문 바로가기 [Copyright ⓒ 전자신문 & 전자신문인터넷, 무단전재 및 재배포 금지]"	https://news.naver.com/main/read.nhn?mode=LSD&mid=sec&sid1=101&oid=030&aid=0002926113	2021-02-01
보험+디지털	대형 보험사들, 코로나 시대 맞춰 직원 교육도 비대면 전환	" 신종 코로나바이러스 감염증(코로나19)으로 인해 사회 각 분야에서 비대면 업무 방식이 활성화하고 있는 가운데, 국내 주요 보험사들도 소속 보험설계사 교육을 비대면 온라인 교육으로 전환해 진행하고 있다고 밝혔다
 1일 국내 보험업계에 따르면 설계사들의 상품에 대한 이해와 보상에 대한 정보 숙지가 고객 만족, 보험 계약, 매출로 직결되는 만큼 보험사들은 설계사의 역량 향상을 위한 직무 교육에 큰 투자를 해왔다
 그러나 코로나19의 확산으로 그동안 진행해 오던 대면 방식의 집체 교육이 사실상 불가능하고 영업점을 통한 소통과 협업 등도 어려워지자 비대면 온라인 교육은 선택이 아닌 필수가 되었다"	"실시간 스트리밍, 의견 공유 등 비대면 교육 진행 모습
사진=터치클래스 제공
 신종 코로나바이러스 감염증(코로나19)으로 인해 사회 각 분야에서 비대면 업무 방식이 활성화하고 있는 가운데, 국내 주요 보험사들도 소속 보험설계사 교육을 비대면 온라인 교육으로 전환해 진행하고 있다고 밝혔다
 1일 국내 보험업계에 따르면 설계사들의 상품에 대한 이해와 보상에 대한 정보 숙지가 고객 만족, 보험 계약, 매출로 직결되는 만큼 보험사들은 설계사의 역량 향상을 위한 직무 교육에 큰 투자를 해왔다
 그러나 코로나19의 확산으로 그동안 진행해 오던 대면 방식의 집체 교육이 사실상 불가능하고 영업점을 통한 소통과 협업 등도 어려워지자 비대면 온라인 교육은 선택이 아닌 필수가 되었다
국내 최대 생명보험사 삼성생명은 지난해 4월 코로나 사태가 장기화 할 것에 대비하여 모바일 교육솔루션을 도입하였다
 사내 강사들이 실시간 강의를 통해 상품 교육을 실시하였는데 신상품 출시 후 재빠르게 상품에 대한 교육이 가능해지면서 설계사들이 역량 증진에 크게 기여했다는 자체 평가를 내린 것으로 전해졌다
 실시간 강의에 평균 5000명 이상이 동시 접속하는 등 참여도도 높게 나타났다
  삼성생명 FC육성팀 담당자는 “모바일 플랫폼 도입으로 상품내용을 빠르게 현장에 전파할 수 있어서 기존 오프라인 교육을 진행했을 때보다 효과가 높다
 교육 시간, 예산 절감 효과도 크다”고 밝혔다
교보생명도 상품 교육에 관한 실물 교재를 e-book으로 전환하기 위해 모바일 러닝 플랫폼 도입하여 교육 자료의 디지털 화를 추진 중이다
 설계사들에게 배포되는 상품 교육 자료는 매년 내용이 개정될 때마다 재발간해야 하고 원하는 정보를 검색하기도 힘들고 많은 양에 다시 찾아보고 공부하기 어려웠다
 모바일러닝 플랫폼을 통해 이를 콘텐츠로 제작해 배포하여 언제 어디서나 필요한 정보만 검색이 가능해졌고 매년 재 발간하던 인쇄비용도 절감했다
 교보생명 마케팅역량강화팀 담당자는 “설계사들이 어떤 내용들을 주로 보고 있는지 관리자모드에서 수시로 확인할 수 있어 설계사들의 학습현황 모니터링을 통해 더 나은 콘텐츠를 제공할 수 있는 점이 편리하다”고 밝혔다
온라인 기업교육 솔루션 터치클래스 개발사 ㈜뉴인의 한기남 대표는 “업무와 일상이 비대면 으로 이뤄지는 것을 당연하게 여기는 사회가 우리 예상보다 빨리 왔다”며 “사람과 사람이 서로 접촉하지 않지만 오히려 만남을 극대화할 수 있는 기술이 영업뿐만 아니라 기업 교육과 교육 관리에도 도입되고 있고 한발 앞선 인적자원개발(HRD) 디지털포메이션 만이 기업이 디지털 비즈니스 환경에 적응하고 경쟁력을 유지하는 원동력이 될 것”이라고 말했다
박해식 동아닷컴 기자 pistols@donga
com▶ 네이버에서 [동아일보] 채널 구독하기▶ <1회>영원한 이별 앞에서 ‘환생’의 문을 열다▶ 멀티미디어 스토리텔링 ‘The Original’ⓒ 동아일보 & donga
com, 무단 전재 및 재배포 금지	"	https://news.naver.com/main/read.nhn?mode=LSD&mid=sec&sid1=105&oid=020&aid=0003336037	2021-02-01
보험+핀테크	"[마켓인사이트]""모빌리티 스타트업에 핀테크 투자를"" ...성장금융, IR 지원"	"  ≪이 기사는 01월29일(19:44) 자본시장의 혜안 ‘마켓인사이트’에 게재된 기사입니다≫한국성장금융(대표이사 성기홍)과 한국핀테크지원센터는 29일 핀테크 혁신펀드의 직접 투자를 확대하기 위해 모빌리티 업계 유망 스타트업들을 대상으로 하는 '모빌리티X핀테크' 비대면 IR 행사를 온라인으로 개최했다
 한국성장금융 자펀드를 운용하고 있는 KB인베스트먼트, 프리미어파트너스, 마그나인베스트먼트 등 여러 벤처캐피털(VC) 운용역들이 스타트업들과 만났다
 성장금융 측은 ""핀테크 연계가 가능한 다양한 업권의 스타트업을 발굴해 실질적인 투자 및 핀테크 사업 연계로 이어지는 업권별 IR 행사를 지속적으로 실시하겠다""고 밝혔다"	"  ≪이 기사는 01월29일(19:44) 자본시장의 혜안 ‘마켓인사이트’에 게재된 기사입니다≫한국성장금융(대표이사 성기홍)과 한국핀테크지원센터는 29일 핀테크 혁신펀드의 직접 투자를 확대하기 위해 모빌리티 업계 유망 스타트업들을 대상으로 하는 '모빌리티X핀테크' 비대면 IR 행사를 온라인으로 개최했다
이 행사에는 투자유치 희망 스타트업과 정책지원기관, VC 투자자, 금융기관 등이 참여했다
 성장금융은 모빌리티 초기 기업으로서 향후 핀테크 융합 가능성이 높다는 평가를 받은 스타트업들을 선정해 IR 기회를 제공했다
 한국성장금융 자펀드를 운용하고 있는 KB인베스트먼트, 프리미어파트너스, 마그나인베스트먼트 등 여러 벤처캐피털(VC) 운용역들이 스타트업들과 만났다
 성장금융 관계자는 ""모빌리티 분야 데이터를 활용해 보험가격 산정에 활용하는 인슈어테크, 전기자전거 공유 플랫폼에 기반한 금융상품 개발 가능성을 살펴보고 핀테크혁신펀드 출자자인 금융기관과 사업 연계를 통해 혁신적인 금융서비스를 조기에 출시할 수 있을지 살펴보는 자리였다""고 전했다
 핀테크혁신펀드는 국민은행, 농협은행, 신한은행,우리은행, 하나은행, 부산은행, 경남은행, 대구은행, 디캠프(은행권 청년창업재단), 코스콤이 출자했다
 한국성장금융은 지난해 한국투자파트너스(한국투자 핀테크 혁신펀드)에 240억원, KB인베스트먼트(KB핀테크혁신펀드)에 255억원 등 총 495억원 규모 핀테크 초기기업 투자 전용 블라인드펀드를 꾸렸는데, 여기에 핀테크혁신펀드에서 140억원이 들어갔다
 나머지 자금은 성장사다리펀드와 IBK동반자펀드, 연기금 등 기관투자자 자금으로 조성됐다
 한국성장금융은 이렇게 조성한 펀드로 10개 기업에 총 111억원을 직접 투자(공동투자 포함 총 815억원 규모)했다
 성장금융은 작년 12월 핀테크 혁신펀드 2차년도 위탁운용사 선정사업을 공고하고 운용사를 모집하고 있다
 내달 중 위탁운용사 선정을 마무리한다
 또 올해는 초기 및 성장단계 직접투자도 병행할 예정이다
 당장 1분기 중 27억원 규모 극초기(시드~시리즈A) 핀테크 기업 투자 전용 액셀러레이터 펀드를 조성하고, 3분기 중 최소 300억원 규모 초기(시리즈A~B) 핀테크 투자 펀드를 꾸릴 계획이다
 성장금융 측은 지난해 11월에 진행된 'e커머스X핀테크' 행사에 참여한 '오늘식탁'과 '구하다' 등 4개사가 총 180억원 규모 투자 유치에 성공했으며, 금융사의 핀테크랩 육성기업에 선정되는 등 실질적인 성과로 연계되는 등 소규모 비공개 IR 행사가 효과를 보고 있다고 설명했다
 오늘식탁과 구하다는 핀테크혁신펀드가 직접 투자한 회사들이다
 성장금융 측은 ""핀테크 연계가 가능한 다양한 업권의 스타트업을 발굴해 실질적인 투자 및 핀테크 사업 연계로 이어지는 업권별 IR 행사를 지속적으로 실시하겠다""고 밝혔다
 이상은 기자 selee@hankyung
com▶ 경제지 네이버 구독 첫 400만, 한국경제 받아보세요▶ 한경 고품격 뉴스레터, 원클릭으로 구독하세요▶ 한국경제신문과 WSJ, 모바일한경으로 보세요 ⓒ 한국경제 & hankyung
com, 무단전재 및 재배포 금지	"	https://news.naver.com/main/read.nhn?mode=LSD&mid=sec&sid1=101&oid=015&aid=0004492059	2021-02-01
보험+핀테크	[뉴스‘까’페] 국정농단·앤트그룹 때문에…은행도 핀테크도 신사업 ‘발목’	"지난 2017년 참여연대 등이 정씨에게 특혜성 대출을 내준 하나은행 직원을 승진시킨 하나금융지주 등을 검찰에 고발했기 때문입니다
이와 관련해 금융당국은 다음주부터 심사중단제도 개선을 위한 태스크포스(TF)를 구성하고 개선책을 모색한다는 계획입니다
금융당국이 중국 인민은행에 앤트그룹의 제재 여부 등 적격성 확인을 요청했지만 아직까지 명확한 회신이 오지 않은 상황입니다"	"		국정농단 사태와 중국의 앤트그룹, 그리고 삼성생명까지
'이들'의 공통점은 무엇일까요?기존 금융사부터 핀테크 기업들까지 '이들' 때문에 신사업 진출에 제동이 걸렸습니다
신사업 진출이 어려워진 곳은 '이들'이 대주주로 있는 하나은행 등 하나금융그룹 계열사와 카카오페이, 그리고 삼성카드입니다
신사업과 '이들'은 어떤 관련성이 있는 것일까요?해당 금융사와 핀테크 기업들의 신사업 진출 가능성은 아예 없는 것일까요?고객 정보 한 곳에 모으는 '마이데이터' 제동하나금융그룹 계열사와 카카오페이, 삼성카드 등이 당장 진출할 수 없게 된 '신사업'은 바로 마이데이터입니다
마이데이터는 금융사와 보험사 등 여러 기관에 흩어진 개인 정보를 하나로 모으는 방식입니다
이를 통해 소비자들은 자신의 정보를 통합 관리할 수 있게 됩니다
금융사와 핀테크 기업들은 이를 활용해 고객 맞춤형 상품이나 서비스를 제공할 수 있습니다
뱅크샐러드 애플리케이션으로 자신의 모든 은행 계좌를 확인하거나 신용카드 상품을 추천받는 것이 그 예입니다
지금까지 이같은 서비스는 금융사나 핀테크 기업들이 선보였는데 앞으로는 '허가받은' 기업들만 운영할 수 있습니다
금융당국, 28개 금융사·핀테크 등 본허가하나은행·카카오페이·삼성카드 '심사 보류'이와 관련해 금융위원회는 지난 27일 마이데이터 본허가를 획득한 기업 28곳을 공개했습니다
KB국민은행 등 기존 금융사를 포함해 네이버파이낸셜과 토스 운영사인 비바리퍼블리카 등 핀테크 기업들도 이름을 올렸습니다
신용정보법 개정으로 그동안 마이데이터 유관 서비스를 제공하던 기업들은 금융당국의 허가를 받아야 사업을 지속할 수 있습니다
다시 말해, 당국의 허가를 받지 못하면 당장 서비스를 중단해야 하는 것입니다
이번에 허가를 받지 못한 곳은 ▲하나은행 ▲하나금융투자 ▲하나카드 ▲핀크 ▲경남은행 ▲삼성카드 ▲카카오페이 등입니다
실제 하나은행과 하나카드 등 기존 금융사뿐만 아니라 카카오페이도 수개월간 운영해오던 서비스를 중단하게 됐습니다
금융당국은 ""심사 불가가 아닌 심사 보류""라며 ""문제가 된 부분이 해소되면 즉각 심사는 재개될 수 있다""고 설명했습니다
하지만 정작 해당 기업들은 심사 재개 시점이 언제일지 알 수 없다는 입장입니다
업계 관계자는 ""문제는 대주주 적격성인데 빠른 시일 내 해결되긴 어려운 부분""이라며 ""사실상 서비스를 종료할 수밖에 없는 상황""이라고 말했습니다
대주주 적격성 문제 시 '심사 중단'국정농단과 中 앤트그룹 문제'대주주 적격성'이란 해당 기업이 신사업 인허가를 받을 때 필요한 요건입니다
신용정보법 감독규정에 따르면 마이데이터 신청 기업의 지분을 10% 이상 가진 대주주가 제재를 받거나 소송이 진행 중인 경우 심사는 중단됩니다
일명 '심사중단제도'입니다
하나은행 등 하나금융계열사와 핀크는 국정농단, 구체적으로는 '정유라'에 발목이 잡혔습니다
지난 2017년 참여연대 등이 정씨에게 특혜성 대출을 내준 하나은행 직원을 승진시킨 하나금융지주 등을 검찰에 고발했기 때문입니다
하지만 4년이 지난 현재까지도 결론은 나지 않았습니다
경남은행은 대주주인 BNK금융지주가 주가 시세조종 혐의로 최근 1심 법원에서 벌금을 선고 받았습니다
삼성카드는 최대주주인 삼성생명이 암 보험금 지급 문제로 금융감독원 제재심의위원회에서 기관경고 중징계를 받아 문제가 된 상태입니다
카카오페이는 2대 주주인 중국 앤트그룹의 적격성이 파악되지 않아 심사를 받지 못했습니다
금융당국이 중국 인민은행에 앤트그룹의 제재 여부 등 적격성 확인을 요청했지만 아직까지 명확한 회신이 오지 않은 상황입니다
오정근 한국금융ICT융합학회장은 ""앤트그룹의 제재 여부도 확실하지 않은데 '회신이 없다'는 것만으로 심사가 보류돼 서비스가 중단된 것은 과도하다""며 ""하나은행 등 다른 기업들의 상황도 마찬가지""라고 말했습니다
네이버 발목 잡을 뻔한 미래에셋지분 구조 변경으로 차질없이 진행하지만 똑같이 '대주주 적격성' 문제에 부딪혔지만 심사 중단을 피해간 기업도 있습니다
네이버파이낸셜은 대주주인 미래에셋대우의 외국환거래법 위반 혐의로 '아주 잠시' 본허가 획득에 위기를 겪기도 했습니다
대주주 적격성 논란이 일어난 뒤 네이버파이낸셜과 미래에셋대우는 지분 구조를 변경했습니다
미래에셋대우는 네이버파이낸셜의 보통주 109,500주를 전환우선주로 1:1로 변경한 뒤 의결권 있는 지분율을 기존 17.66%에서 9.5%로 낮췄습니다
그 결과 네이버파이낸셜은 차질없이 당국의 심사를 받아 본허가를 획득했습니다
더구나 정작 기업 본인의 적격성이 문제가 된 미래에셋대우는 당국의 허가를 받는 데 아무런 제약이 없던 점도 눈에 띕니다
현행법상 대주주의 적격성은 따져보지만 기업 스스로의 적격성은 인허가 심사에서 살펴보지 않기 때문입니다
전문가 ""심사 형평성·공정성 보완해야""당국, 심사중단제도 개선TF 가동마이데이터는 혁신 금융으로서 기존 금융사뿐만 아니라 다른 업권도 주목하는 신사업 분야입니다
하지만 인허가 심사 과정은 '혁신'과 거리가 있었다는 평가가 나옵니다
서지용 상명대 경영학부 교수는 ""고객 데이터를 활용해 최적의 상품을 선택·제공하는 데 라이센스를 부여하는 사업으로 대주주 적격성과 같은 기존의 타이트한 규제는 적합하지 않다고 본다""는 입장입니다
심사 과정에서의 '형평성' 문제 역시 추후 당국이 개선해야 할 과제로 꼽았습니다
서 교수는 ""네이버가 최근 공정거래위원회에서 자사 광고를 우선적으로 내보낸 데 대해 조사를 받는 상황에 네이버파이낸셜은 본허가를 획득했다""면서 ""대주주 적격성 부분을 일관되게 적용할 수 있는 보완책이 필요하다""고 설명했습니다
이와 관련해 금융당국은 다음주부터 심사중단제도 개선을 위한 태스크포스(TF)를 구성하고 개선책을 모색한다는 계획입니다
&금융위원회 관계자는 ""TF를 통해 구체적인 개선방안을 찾고 필요 시 현행법 개정 등도 추진할 것""이라며 ""오는 6~7월쯤 개선책을 도출하는 것이 목표""라고 말했습니다
한편, 금융당국은 지난 27일 마이데이터 본허가 기업(1차 사업자)을 발표한 데 이어 오는 3월 2차 수요기업을 대상으로 심사 작업에 들어갑니다
오정인 기자(jioh@sbs
co
kr) ▶ 돈 세는 남자의 기업분석 '카운트머니' [네이버TV]▶ 경제를 실험한다~ '머니랩' [네이버TV] 저작권자 SBS미디어넷 & SBS I&M; 무단전재-재배포 금지"	https://news.naver.com/main/read.nhn?mode=LSD&mid=sec&sid1=101&oid=374&aid=0000232689	2021-02-01
보험+핀테크	마이데이터 2차 예비허가, 이번엔 보험업계 등 도전 박차	"[디지털데일리 이상일기자] 27일 첫 마이데이터 사업자에 대한 본인가가 이뤄진 가운데 3월 중으로 예정돼있는 2차 마이데이터 예비허가 사업자 모집에 업계의 관심이 집중되고 있다
 업계에서는 마이데이터를 통한 맞춤형 고객 접점 포인트 확보에 지방은행들이 관심을 보일 것으로 전망하고 있다
 관련업계에 따르면 교보생명, KB손해보험, 메리츠화재, 신한생명, 메트라이프생명 등이 마이데이터 예비허가 신청을 준비 중이다"	"[디지털데일리 이상일기자] 27일 첫 마이데이터 사업자에 대한 본인가가 이뤄진 가운데 3월 중으로 예정돼있는 2차 마이데이터 예비허가 사업자 모집에 업계의 관심이 집중되고 있다
 2차 예비허가에는 IBK기업은행, KDB산업은행 등 국책 및 공금융 역할을 수행하는 은행을 비롯해 저축은행, 보험사들의 신청이 이어질 것으로 전망된다
 여기에 1차 허가에서 탈락한 핀테크 업체들이 재정비를 통해 다시 한번 마이데이터 시장을 두드릴 것으로 전망된다
 가장 활발한 움직임을 보이고 있는 곳은 보험권이다
 관련업계에 따르면 교보생명, KB손해보험, 메리츠화재, 신한생명, 메트라이프생명 등이 마이데이터 예비허가 신청을 준비 중이다
 보험권의 경우 마이데이터에 거는 기대가 남다르다
 마이데이터를 통해 개인별 맞춤 보험가입 프로세스 등의 서비스가 가능해지기 때문이다
 보험사들에게 가장 중요한 건 고객과 연결할 수 있는 연락처다
 그래야 설계사들이 온오프라인 상에서 고객과의 접점을 이끌어낼 수 있기 때문이다
 그동안 보험사들은 이러한 연락처를 알아내기 위해 플랫폼 기업과의 협력을 통해 이벤트 등을 진행해 연락처를 확보해왔지만 한계가 있었다
 한 보험권 관계자는 “마이데이터 사업에 참여를 하게 되면 다양한 정보들이 보험사로 넘어가 고객들한테 상품 맞춤형으로 진행해 줄 수 있다”며 “과거 보험사에서는 어떤 설계사가 어떤 고객에게 맞는지에 대한 데이터 분석 알고리즘을 많이 만들어냈다
 그럼에도 불구하고 보험사가 가지고 있는 데이터들은 얼마 없는 상황이다
 가입할 때 사용하는 정보 외에 다른 데이터들을 구하기가 되게 어려웠는데 마이데이터를 통해 고객에게 더 다가설 수 있는 접근의 방법들이 다양해질 수 있다”고 설명했다
 은행권에선 지방은행 등의 참여여부가 관심이다
 BNK금융그룹, DGB금융그룹, JB금융그룹 등 지방 금융그룹은 마이데이터 인허가 참여를 추진해왔지만 이번 1차 인허가 과정에는 참여하지 않았다
 지방은행의 경우 핵심 고객의 이탈을 막고 수도권 등지에서 새로운 고객 확보를 위해선 강력한 마케팅 툴이 필요한 상황이다
 업계에서는 마이데이터를 통한 맞춤형 고객 접점 포인트 확보에 지방은행들이 관심을 보일 것으로 전망하고 있다
 다만 초반에 마이데이터 사업에 직접 뛰어들기 보다는 데이터거래 중계 서비스를 활용해 자사의 서비스와 상품을 보다 고도화하는데 초점을 맞출 것이란 관측도 나온다
 한편 2차 예비허가를 준비하는 기업들에게 가장 중요한 것은 대주주 적격성에 대한 결격사유 여부와 물적 요건 확보 방안이다
 1차 허가 과정에서 드러난 주요 심사 포인트를 바탕으로 사업을 준비할 것으로 보인다
  현재 신용정보법 감독규정에 따라 마이데이터 신청 회사의 지분을 10% 이상 보유한 모회사가 당국으로부터 제재를 받거나 소송을 진행 중일 경우 심사가 중단되는데 금융당국이 이에 대한 완화를 검토하고 있지만 불확실성은 여전히 존재하는 상황이다
 이 때문에 카카오페이와 핀크 등 마이데이터 사업을 진행하고 있던 핀테크 업체들도 발목을 잡힌 상황이다
  대주주 적격성 외에도 정보보호와 보안체계 마련 등 IT투자가 필요한 물적시설 요건을 충족시키는 것도 중요하다는 지적이다
 <이상일 기자>2401@ddaily
co
kr▶ 네이버에서 디지털데일리 채널 구독하기▶ IT정보의 즐거운 업그레이드 [딜라이트닷넷]<저작권자 © 디지털데일리 무단전재-재배포금지>	"	https://news.naver.com/main/read.nhn?mode=LSD&mid=sec&sid1=105&oid=138&aid=0002098292	2021-02-01
